SALE TYPE,SOLD DATE,PROPERTY TYPE,ADDRESS,CITY,STATE OR PROVINCE,ZIP OR POSTAL CODE,PRICE,BEDS,BATHS,LOCATION,SQUARE FEET,LOT SIZE,YEAR BUILT,DAYS ON MARKET,$/SQUARE FEET,HOA/MONTH,STATUS,NEXT OPEN HOUSE START TIME,NEXT OPEN HOUSE END TIME,URL (SEE https://www.redfin.com/buy-a-home/comparative-market-analysis FOR INFO ON PRICING),SOURCE,MLS#,FAVORITE,INTERESTED,LATITUDE,LONGITUDE
MLS Listing,,Single Family Residential,3207 N Mt. Gilead Rd,Bloomington,IN,47408,515000,4,2.5,,2164,686070,1996,1,238,,Active,,,https://www.redfin.com/IN/Bloomington/3207-N-Mount-Gilead-Rd-47408/home/136271837,IRMLS,202337859,N,Y,39.199947,-86.4384008
MLS Listing,,Single Family Residential,4290 W Crestwood Dr,Bloomington,IN,47404,250000,4,3.0,Lynwood,2500,20473,1973,2,100,,Active,,,https://www.redfin.com/IN/Bloomington/4290-W-Crestwood-Dr-47404/home/136154163,IRMLS,202337828,N,Y,39.2190718,-86.5900051
MLS Listing,,Single Family Residential,3549 S Wickens St,Bloomington,IN,47403,340000,3,3.0,Highlands,3008,8276,2009,2,113,9,Active,,,https://www.redfin.com/IN/Bloomington/3549-S-Wickens-St-47403/home/136353999,MIBOR as Distributed by MLS Grid,21948562,N,Y,39.1283193,-86.5524333
MLS Listing,,Single Family Residential,1004 S Grant St,Bloomington,IN,47401,142900,1,1.0,Southeast Bloomington City,462,8276,1950,2,309,,Active,,,https://www.redfin.com/IN/Bloomington/1004-S-Grant-St-47401/home/136302394,IRMLS,202337787,N,Y,39.1552623,-86.5305591
MLS Listing,,Single Family Residential,611 S Clifton Ave,Bloomington,IN,47401,699000,3,2.0,,1736,11761,1953,2,403,,Active,,,https://www.redfin.com/IN/Bloomington/611-S-Clifton-Ave-47401/home/136407030,IRMLS,202337776,N,Y,39.1605392,-86.5094254
MLS Listing,,Townhouse,1250 W Adams Hill Cir #204,Bloomington,IN,47403,220000,3,2.5,No Subdivision,1280,650,2010,2,172,155,Active,,,https://www.redfin.com/IN/Bloomington/1250-W-Adams-Hill-Cir-47403/unit-204/home/136305372,MIBOR as Distributed by MLS Grid,21948517,N,Y,39.1429516,-86.5509755
MLS Listing,,Single Family Residential,6770 E State Road 46,Bloomington,IN,47401,329900,3,3.0,No Subdivision,2612,87120,1969,2,126,,Active,,,https://www.redfin.com/IN/Bloomington/6770-E-State-Road-46-47401/home/136143746,MIBOR as Distributed by MLS Grid,21948382,N,Y,39.1648825,-86.4294992
MLS Listing,,Single Family Residential,809 S Stull Ave,Bloomington,IN,47401,450000,3,2.0,Bryan Park,1864,8276,1950,2,241,,Active,,,https://www.redfin.com/IN/Bloomington/809-S-Stull-Ave-47401/home/136374500,IRMLS,202337726,N,Y,39.1588235,-86.5245176
MLS Listing,,Single Family Residential,9094 W State Road 45,Bloomington,IN,47403,129000,3,1.0,,2178,41382,1899,2,59,,Active,,,https://www.redfin.com/IN/Bloomington/9094-W-State-Road-45-47403/home/136165053,IRMLS,202337705,N,Y,39.090473,-86.666097
MLS Listing,,Single Family Residential,3912 W Woodmere Pl,Bloomington,IN,47403,274900,4,2.0,Wood Haven Estates / Woodhaven E,1530,9148,1990,3,180,,Active,,,https://www.redfin.com/IN/Bloomington/3912-S-Woodmere-Pl-47403/home/136643494,IRMLS,202337629,N,Y,39.1294157,-86.5818579
MLS Listing,,Vacant Land,4070 S Rockport Rd,Bloomington,IN,47403,2195000,,,,,628571,,3,,,Active,,,https://www.redfin.com/IN/Bloomington/4070-S-Rockport-Rd-47403/home/136635996,IRMLS,202337622,N,Y,39.1209519,-86.5643032
MLS Listing,,Single Family Residential,2140 S Curry Pike,Bloomington,IN,47403,259900,2,1.0,,977,100188,1943,3,266,,Active,,,https://www.redfin.com/IN/Bloomington/2140-S-Curry-Pike-47403/home/136616301,IRMLS,202337601,N,Y,39.1471763,-86.5833838
MLS Listing,,Condo/Co-op,3734 E Villa Glen Ct,Bloomington,IN,47401,469000,3,2.0,Brighton Point Villas,2348,7841,2005,3,200,435,Active,,,https://www.redfin.com/IN/Bloomington/3734-E-Villa-Glen-Ct-47401/home/136441744,IRMLS,202337605,N,Y,39.156717,-86.483435
MLS Listing,,Single Family Residential,8785 W Graves Rd,Bloomington,IN,47403,325000,3,2.0,,1836,138739,2004,3,177,,Active,,,https://www.redfin.com/IN/Bloomington/8785-W-Graves-Rd-47403/home/136279158,IRMLS,202337580,N,Y,39.0581946,-86.6607345
MLS Listing,,Single Family Residential,7451 W Natalie Dr,Bloomington,IN,47404,335900,3,2.0,Prominence Place,1810,10019,2023,3,186,,Active,,,https://www.redfin.com/IN/Bloomington/7451-W-Natalie-Dr-47404/home/187982649,IRMLS,202337575,N,Y,39.2225147,-86.6352602
MLS Listing,,Single Family Residential,4502 N Mayo Ct,Bloomington,IN,47404,450000,4,2.5,Centennial Park,2552,19602,2023,4,176,,Active,,,https://www.redfin.com/IN/Bloomington/4502-N-Mayo-Ct-47404/home/180267341,IRMLS,202337297,N,Y,39.218146,-86.58297
MLS Listing,,Single Family Residential,5460 E James Rd,Bloomington,IN,47408,499500,4,2.5,Kingston Estates,3000,219542,1974,5,167,23,Active,,,https://www.redfin.com/IN/Bloomington/5460-E-James-Rd-47408/home/136211793,IRMLS,202337262,N,Y,39.1687571,-86.4401006
MLS Listing,,Single Family Residential,5980 S Empire Rd,Bloomington,IN,47401,280000,3,2.0,,2184,44431,1956,5,128,,Active,,,https://www.redfin.com/IN/Bloomington/5980-S-Empire-Rd-47401/home/136585637,IRMLS,202337240,N,Y,39.0937482,-86.5425798
MLS Listing,,Single Family Residential,7460 S Ketcham Rd,Bloomington,IN,47403,325000,5,2.0,No Subdivision,3286,87120,1930,5,99,,Active,,,https://www.redfin.com/IN/Bloomington/7460-S-Ketcham-Rd-47403/home/136339350,MIBOR as Distributed by MLS Grid,21947329,N,Y,39.0656286,-86.5650524
MLS Listing,,Single Family Residential,3431 S Justin Ct,Bloomington,IN,47401,1099000,5,4.5,Bryn Mawr,5760,43560,2011,5,191,,Active,,,https://www.redfin.com/IN/Bloomington/3431-S-Justin-Ct-47401/home/136642307,IRMLS,202336395,N,Y,39.128966,-86.4875323
MLS Listing,,Single Family Residential,1011 W Meadow Ln,Bloomington,IN,47404,269000,3,2.0,Fritz Terrace,1152,13068,1963,5,234,,Active,,,https://www.redfin.com/IN/Bloomington/1011-W-Meadow-Ln-47404/home/136502600,IRMLS,202337122,N,Y,39.1949225,-86.543953
MLS Listing,,Single Family Residential,3339 E Anderson Rd,Bloomington,IN,47408,710000,3,1.0,No Subdivision,1904,6184213,1958,6,373,,Active,,,https://www.redfin.com/IN/Bloomington/3339-E-Anderson-Rd-47408/home/185463829,MIBOR as Distributed by MLS Grid,21947445,N,Y,39.2639374,-86.4937518
MLS Listing,,Single Family Residential,5914 S Phyllis St,Bloomington,IN,47403,189900,3,1.0,Winding Brook,1068,8276,1993,6,178,,Active,,,https://www.redfin.com/IN/Bloomington/5914-S-Phyllis-St-47403/home/136593746,IRMLS,202336951,N,Y,39.1046522,-86.537799
MLS Listing,,Single Family Residential,4482 S Lake Monroe Dr,Bloomington,IN,47401,998500,4,4.5,The Over Look / The Overlook,4696,419047,2000,6,213,17,Active,,,https://www.redfin.com/IN/Bloomington/4482-S-Lake-Monroe-Dr-47401/home/136422570,IRMLS,202336737,N,Y,39.0868867,-86.4174455
MLS Listing,,Single Family Residential,1212 S Dunn St,Bloomington,IN,47401,589900,3,3.0,South Dunn,2737,4356,2006,8,216,,Active,,,https://www.redfin.com/IN/Bloomington/1212-S-Dunn-St-47401/home/136577169,IRMLS,202336839,N,Y,39.1528252,-86.5283088
MLS Listing,,Townhouse,2393 E Winding Brook Cir,Bloomington,IN,47401,198900,3,2.5,The Woodlands,1736,,1983,9,115,385,Active,,,https://www.redfin.com/IN/Bloomington/2393-E-Winding-Brook-Cir-47401/home/136655226,IRMLS,202336809,N,Y,39.1370066,-86.505295
MLS Listing,,Single Family Residential,3430 S Forrester St,Bloomington,IN,47401,899900,3,3.5,Verona Park,2402,7405,2023,9,375,49,Active,,,https://www.redfin.com/IN/Bloomington/3430-S-Forrester-St-47401/home/168295798,IRMLS,202336803,N,Y,39.133967,-86.4970249
MLS Listing,,Single Family Residential,288 E Sample Rd,Bloomington,IN,47408,450000,3,2.5,,2148,339768,1999,9,209,,Active,,,https://www.redfin.com/IN/Bloomington/288-E-Sample-Rd-47408/home/136344146,IRMLS,202336799,N,Y,39.2627327,-86.5185035
MLS Listing,,Single Family Residential,1704 S Pinestone Ct,Bloomington,IN,47401,209900,2,2.0,Pinestone,866,6098,1989,9,242,,Active,,,https://www.redfin.com/IN/Bloomington/1704-S-Pinestone-Ct-47401/home/136594583,IRMLS,202336758,N,Y,39.1485895,-86.5266119
MLS Listing,,Single Family Residential,1706 S Pinestone Ct,Bloomington,IN,47401,209900,2,2.0,Pinestone,816,6534,1989,9,257,,Active,,,https://www.redfin.com/IN/Bloomington/1706-S-Pinestone-Ct-47401/home/136134297,IRMLS,202336759,N,Y,39.1484485,-86.5266519
MLS Listing,,Condo/Co-op,607 E Moss Creek Ct,Bloomington,IN,47401,265000,2,2.0,Winslow Farm Moss Creek,1228,,1993,9,216,260,Active,,,https://www.redfin.com/IN/Bloomington/607-E-Moss-Creek-Ct-47401/home/136239458,IRMLS,202336727,N,Y,39.1367017,-86.5205698
MLS Listing,,Vacant Land,9831 S Snow Rd,Bloomington,IN,47403,110000,,,,,271379,,9,,,Active,,,https://www.redfin.com/IN/Bloomington/9831-S-Snow-Rd-47403/home/136181416,IRMLS,202336689,N,Y,39.000079,-86.644778
MLS Listing,,Single Family Residential,404 N Fairview St,Bloomington,IN,47404,285000,3,2.0,No Subdivision,1126,4792,2005,9,253,,Active,,,https://www.redfin.com/IN/Bloomington/404-N-Fairview-St-47404/home/136636671,MIBOR as Distributed by MLS Grid,21947299,N,Y,39.1698785,-86.540955
MLS Listing,,Single Family Residential,1335 E Marigold Dr,Bloomington,IN,47401,279900,3,2.0,Lakewood Hills,1452,13939,1987,9,193,,Active,,,https://www.redfin.com/IN/Bloomington/1335-E-Marigold-Dr-47401/home/136351913,IRMLS,202336679,N,Y,39.0379088,-86.519352
MLS Listing,,Single Family Residential,7751 W State Rd 48 Hwy,Bloomington,IN,47404,355000,3,2.0,,2472,264366,1986,9,144,,Active,,,https://www.redfin.com/IN/Bloomington/7751-W-State-Road-48-47404/home/136537152,IRMLS,202336668,N,Y,39.1635495,-86.6435733
MLS Listing,,Single Family Residential,1619 N Prairie Green Ct,Bloomington,IN,47401,1399000,5,4.5,Prairie Green,7649,120661,2006,10,183,50,Active,,,https://www.redfin.com/IN/Bloomington/1619-N-Prairie-Green-Ct-47408/home/136236596,IRMLS,202336609,N,Y,39.1793041,-86.4767895
MLS Listing,,Single Family Residential,3304 W Woodhaven Dr,Bloomington,IN,47403,240000,3,2.0,Wood Haven Estates / Woodhaven E,1116,15682,1994,10,215,10,Active,,,https://www.redfin.com/IN/Bloomington/3304-W-Woodhaven-Dr-47403/home/136359973,IRMLS,202336602,N,Y,39.1274507,-86.5740021
MLS Listing,,Single Family Residential,1215 S Barnes Dr,Bloomington,IN,47401,485000,4,2.5,Gentry,3226,12197,1998,10,150,17,Active,October-15-2023 12:00 PM,October-15-2023 02:00 PM,https://www.redfin.com/IN/Bloomington/1215-S-Barnes-Dr-47401/home/136172148,MIBOR as Distributed by MLS Grid,21946690,N,Y,39.1543561,-86.4677828
MLS Listing,,Single Family Residential,4333 E Cricket Knoll Knl,Bloomington,IN,47401,396000,4,2.5,Gentry Estates,1816,10019,1991,10,218,25,Active,,,https://www.redfin.com/IN/Bloomington/4333-E-Cricket-Knl-47401/home/136542632,IRMLS,202336490,N,Y,39.1538659,-86.4737282
MLS Listing,,Condo/Co-op,2467 N Stonelake Cir,Bloomington,IN,47404,395000,3,2.0,Stonelake Park,1580,2178,2023,10,250,140,Active,,,https://www.redfin.com/IN/Bloomington/2467-N-Stonelake-Cir-47404/home/168300645,IRMLS,202336487,N,Y,39.190401,-86.543217
MLS Listing,,Single Family Residential,1007 S Greenwood Ave,Bloomington,IN,47401,525000,4,2.5,Southeast Bloomington City,2203,10193,1959,11,238,,Active,October-15-2023 12:00 PM,October-15-2023 02:00 PM,https://www.redfin.com/IN/Bloomington/1007-S-Greenwood-Ave-47401/home/136288203,IRMLS,202336343,N,Y,39.1573313,-86.5101037
MLS Listing,,Single Family Residential,1605 S Walnut St,Bloomington,IN,47401,575000,2,1.0,,784,7841,1920,12,733,,Active,,,https://www.redfin.com/IN/Bloomington/1605-S-Walnut-St-47401/home/136415512,IRMLS,202336167,N,Y,39.1494739,-86.533183
MLS Listing,,Single Family Residential,2620 S Leonard Springs Rd,Bloomington,IN,47403,189000,2,1.0,No Subdivision,912,13939,1920,12,207,,Active,,,https://www.redfin.com/IN/Bloomington/2620-S-Leonard-Springs-Rd-47403/home/164347707,MIBOR as Distributed by MLS Grid,21946615,N,Y,39.1384709,-86.582832
MLS Listing,,Single Family Residential,5397 N Louden Rd,Bloomington,IN,47404,414000,3,2.5,Barberry Lake Estates,1823,13547,2023,12,227,21,Active,,,https://www.redfin.com/IN/Bloomington/5397-N-Louden-Rd-47404/home/184442665,IRMLS,202336079,N,Y,39.2294373,-86.6399727
MLS Listing,,Single Family Residential,7850 W Elwren Rd,Bloomington,IN,47403,450000,3,2.0,,1722,112123,1920,13,261,,Active,,,https://www.redfin.com/IN/Bloomington/7850-W-Elwren-Rd-47403/home/136228384,IRMLS,202335915,N,Y,39.1089835,-86.6445576
MLS Listing,,Single Family Residential,4612 N Shelburne Dr,Bloomington,IN,47404,209900,4,2.5,Stone Hedge / Stonehedge,1624,20473,1976,15,129,,Active,,,https://www.redfin.com/IN/Bloomington/4612-N-Shelburne-Dr-47404/home/136486899,IRMLS,202335875,N,Y,39.2111225,-86.5726814
MLS Listing,,Single Family Residential,2908 S Dale Ct,Bloomington,IN,47401,875000,5,5.0,Hyde Park,4539,20473,1998,15,193,,Active,,,https://www.redfin.com/IN/Bloomington/2908-S-Dale-Ct-47401/home/136538979,IRMLS,202335836,N,Y,39.1410204,-86.4893686
MLS Listing,,Single Family Residential,5323 S Southway Dr,Bloomington,IN,47403,179900,2,1.0,,728,24176,1953,15,247,,Active,,,https://www.redfin.com/IN/Bloomington/5323-S-Southway-Dr-47403/home/136372615,IRMLS,202335830,N,Y,39.107971,-86.5387458
MLS Listing,,Single Family Residential,1717 E Winesap Ct,Bloomington,IN,47408,349900,3,3.0,Orchard Estates,1927,57935,1998,16,182,,Active,,,https://www.redfin.com/IN/Bloomington/1717-E-Winesap-Ct-47408/home/136363903,IRMLS,202335727,N,Y,39.3018214,-86.4858539
MLS Listing,,Single Family Residential,4216 S Darrell Dr,Bloomington,IN,47403,1,2,2.0,Jerden Meadows,1723,71874,1997,16,0,,Active,October-16-2023 06:00 PM,October-16-2023 06:30 PM,https://www.redfin.com/IN/Bloomington/4216-S-Darrell-Dr-47403/home/136132645,IRMLS,202335718,N,Y,39.1213217,-86.6258156
MLS Listing,,Single Family Residential,1669 E Moffett Ln,Bloomington,IN,47401,275000,3,1.5,Southeast Monroe County,2121,72615,1957,16,130,,Active,,,https://www.redfin.com/IN/Bloomington/1669-E-Moffett-Ln-47401/home/136187353,IRMLS,202335653,N,Y,39.1002721,-86.5134515
MLS Listing,,Single Family Residential,5445 W Stonewood Dr,Bloomington,IN,47403,489900,3,2.5,Stone Chase,2948,9148,2013,16,166,32,Active,,,https://www.redfin.com/IN/Bloomington/5445-W-Stonewood-Dr-47403/home/136334106,MIBOR as Distributed by MLS Grid,21945632,N,Y,39.15551,-86.598436
MLS Listing,,Single Family Residential,7427 S Salt Creek Court Ct,Bloomington,IN,47401,379700,5,2.0,Salt Creek,2050,85813,1974,17,185,,Active,,,https://www.redfin.com/IN/Bloomington/7427-S-Salt-Creek-Ct-47401/home/136346318,IRMLS,202335517,N,Y,39.0905505,-86.4163382
MLS Listing,,Vacant Land,9391 W Rockeast Rd,Bloomington,IN,47403,179900,,,,,458687,,17,,,Active,,,https://www.redfin.com/IN/Bloomington/9391-W-Rock-East-Rd-47403/home/187731684,IRMLS,202335511,N,Y,39.023036,-86.6714514
MLS Listing,,Vacant Land,9401 W Rockeast Rd,Bloomington,IN,47403,63900,,,,,163350,,17,,,Active,,,https://www.redfin.com/IN/Bloomington/9401-W-Rock-East-Rd-47403/home/187730323,IRMLS,202335504,N,Y,39.023019,-86.671468
MLS Listing,,Vacant Land,7925 W Ratliff,Bloomington,IN,47404,130000,,,Subdivision Not Available See Legal,,109336,,18,,,Active,,,https://www.redfin.com/IN/Bloomington/7925-W-Ratliff-Rd-47404/home/187688836,MIBOR as Distributed by MLS Grid,21945739,N,Y,39.2157588,-86.6461577
MLS Listing,,Single Family Residential,1320 E Short St,Bloomington,IN,47401,399000,3,2.0,Bloomington Cohousing,1233,1307,2021,18,324,150,Active,,,https://www.redfin.com/IN/Bloomington/1320-E-Short-St-47401/home/136289179,IRMLS,202335369,N,Y,39.143871,-86.5144087
MLS Listing,,Single Family Residential,4609 E Compton Blvd,Bloomington,IN,47401,379000,3,2.0,Gentry East,1774,12197,1999,18,214,15,Active,,,https://www.redfin.com/IN/Bloomington/4609-E-Compton-Blvd-47401/home/136151178,IRMLS,202335327,N,Y,39.1551184,-86.4668149
MLS Listing,,Townhouse,2853 S Walnut Street Pike,Bloomington,IN,47401,229000,3,2.5,,1251,871,2004,18,183,115,Active,,,https://www.redfin.com/IN/Bloomington/2853-S-Walnut-Street-Pike-47401/home/136347359,IRMLS,202335256,N,Y,39.1335082,-86.526055
MLS Listing,,Condo/Co-op,614 E Moss Creek Ct,Bloomington,IN,47401,287500,3,2.0,Winslow Farm Moss Creek,1429,,1994,18,201,260,Active,,,https://www.redfin.com/IN/Bloomington/614-E-Moss-Creek-Ct-47401/home/136244569,IRMLS,202335252,N,Y,39.1362995,-86.52024
MLS Listing,,Single Family Residential,907 N Lindbergh Dr,Bloomington,IN,47404,215000,3,2.0,,1287,9148,2023,20,167,,Active,,,https://www.redfin.com/IN/Bloomington/907-N-Lindbergh-Dr-47404/home/136655043,IRMLS,202335090,N,Y,39.174603,-86.552847
MLS Listing,,Single Family Residential,3320 S Rolling Oak Dr,Bloomington,IN,47401,549000,5,3.5,Stands Rolling Oak,3564,13504,1988,20,154,,Active,,,https://www.redfin.com/IN/Bloomington/3320-S-Rolling-Oak-Dr-47401/home/136654366,IRMLS,202334947,N,Y,39.1317896,-86.5065437
MLS Listing,,Condo/Co-op,2641 E Windermere Dr,Bloomington,IN,47401,278500,2,2.0,Windermere,1744,,1979,23,160,380,Active,,,https://www.redfin.com/IN/Bloomington/2641-E-Windermere-Woods-Dr-47401/home/136219120,IRMLS,202334816,N,Y,39.1575715,-86.4981879
MLS Listing,,Single Family Residential,703 N Park Ridge Rd,Bloomington,IN,47408,399900,4,3.0,Park Ridge East,2019,7405,1977,23,198,,Active,,,https://www.redfin.com/IN/Bloomington/703-N-Park-Ridge-Rd-47408/home/136606043,IRMLS,202334785,N,Y,39.1730055,-86.4731357
MLS Listing,,Single Family Residential,621 S Park Ridge Rd,Bloomington,IN,47401,459000,3,2.5,Gentry Honours,2082,11326,1998,23,220,,Active,,,https://www.redfin.com/IN/Bloomington/621-S-Park-Ridge-Rd-47401/home/136261300,IRMLS,202334788,N,Y,39.1607884,-86.4764735
MLS Listing,,Single Family Residential,7425 S Harmony Rd,Bloomington,IN,47403,479000,3,4.5,,3260,21780,1942,23,147,,Active,,,https://www.redfin.com/IN/Bloomington/7425-S-Harmony-Rd-47403/home/136626151,IRMLS,202334772,N,Y,39.0682488,-86.6257369
MLS Listing,,Condo/Co-op,3812 S Pepper Chase,Bloomington,IN,47401,224900,2,1.0,Peppergrass,1109,,1985,23,203,244,Active,October-15-2023 01:00 PM,October-15-2023 03:00 PM,https://www.redfin.com/IN/Bloomington/3812-S-Pepper-Chase-47401/home/136361953,IRMLS,202334763,N,Y,39.1260538,-86.524006
MLS Listing,,Multi-Family (5+ Unit),604 N Smith Rd,Bloomington,IN,47408,2899000,21,21.0,,18863,32740,2017,23,154,,Active,,,https://www.redfin.com/IN/Bloomington/604-N-Smith-Rd-47408/home/136634186,IRMLS,202334670,N,Y,39.1700201,-86.4809964
MLS Listing,,Single Family Residential,9628 Wever Rd,Springville,IN,47462,475000,4,3.5,,3522,225641,2006,23,135,,Active,,,https://www.redfin.com/IN/Springville/9628-Wever-Rd-47462/home/143919440,IRMLS,202334641,N,Y,39.0039734,-86.6622299
MLS Listing,,Single Family Residential,3599 W Cockrell Rd,Bloomington,IN,47403,499000,4,3.0,The Bluffs,2465,217800,1978,24,202,,Active,October-15-2023 01:00 PM,October-15-2023 03:00 PM,https://www.redfin.com/IN/Bloomington/3599-W-Cockrell-Rd-47403/home/136478126,IRMLS,202334586,N,Y,39.1060218,-86.5850589
MLS Listing,,Single Family Residential,1403 W Hickory Ln,Bloomington,IN,47404,105000,2,1.0,,824,28750,1938,24,127,,Active,,,https://www.redfin.com/IN/Bloomington/1403-W-Hickory-Ln-47404/home/136376811,IRMLS,202334580,N,Y,39.185768,-86.553214
MLS Listing,,Vacant Land,00 S Harmony Rd,Bloomington,IN,47403,1,,,,,1595603,,24,,,Active,,,https://www.redfin.com/IN/Bloomington/S-Harmony-Rd-47403/home/136323659,IRMLS,202334555,N,Y,39.085334,-86.636048
MLS Listing,,Single Family Residential,5530 S Harmony Rd,Bloomington,IN,47403,1,2,1.0,,1408,144184,1961,24,0,,Active,October-15-2023 02:00 PM,October-15-2023 02:30 PM,https://www.redfin.com/IN/Bloomington/5530-S-Harmony-Rd-47403/home/187624317,IRMLS,202334553,N,Y,39.0984074,-86.6391838
MLS Listing,,Condo/Co-op,9724 S Bay Pointe Ln,Bloomington,IN,47401,220000,2,2.0,Pointe Bay Pointe,1078,,1987,24,204,244,Active,,,https://www.redfin.com/IN/Bloomington/9724-S-Bay-Pointe-Ln-47401/home/136296228,IRMLS,202334521,N,Y,39.026632,-86.505411
MLS Listing,,Single Family Residential,320 S Eastside Dr,Bloomington,IN,47401,750000,4,2.0,Southeast Bloomington City,3656,12197,1936,24,205,,Active,,,https://www.redfin.com/IN/Bloomington/320-S-Eastside-Dr-47401/home/136598316,IRMLS,202334459,N,Y,39.1634613,-86.513491
MLS Listing,,Vacant Land,1710 E Mel Currie (lot 2) Rd,Bloomington,IN,47408,159000,,,,,138521,,24,,,Active,,,https://www.redfin.com/IN/Bloomington/1710-E-Mel-Currie-Rd-47408/home/143919771,IRMLS,202334441,N,Y,39.2366118,-86.517323
MLS Listing,,Vacant Land,1888 E Mel Currie (lot 1) Rd,Bloomington,IN,47408,139000,,,,,125017,,24,,,Active,,,https://www.redfin.com/IN/Bloomington/1888-E-Mel-Currie-Rd-47408/home/136489747,IRMLS,202334440,N,Y,39.2353055,-86.5187751
MLS Listing,,Vacant Land,1722 E Mel Currie (lot 4) Rd,Bloomington,IN,47408,199000,,,,,182516,,24,,,Active,,,https://www.redfin.com/IN/Bloomington/1722-E-Mel-Currie-Rd-47408/home/143919773,IRMLS,202334439,N,Y,39.2365333,-86.5171817
MLS Listing,,Vacant Land,1716 E Mel Currie (lot 3) Rd,Bloomington,IN,47408,179000,,,,,186001,,24,,,Active,,,https://www.redfin.com/IN/Bloomington/1716-E-Mel-Currie-Rd-47408/home/143919772,IRMLS,202334438,N,Y,39.2365725,-86.5172523
MLS Listing,,Single Family Residential,2745 S Pine Meadows Dr,Bloomington,IN,47403,236000,3,1.5,Southern Pines,1116,12153,1996,25,211,,Active,,,https://www.redfin.com/IN/Bloomington/2745-S-Pine-Meadows-Dr-47403/home/136542049,MIBOR as Distributed by MLS Grid,21944541,N,Y,39.1367519,-86.5491991
MLS Listing,,Single Family Residential,434 N Fairview St,Bloomington,IN,47404,279000,2,2.0,,1280,4792,2005,25,218,,Active,,,https://www.redfin.com/IN/Bloomington/434-N-Fairview-St-47404/home/136602155,IRMLS,202334314,N,Y,39.1702832,-86.5409155
MLS Listing,,Single Family Residential,1300 E 1st St,Bloomington,IN,47401,625000,3,2.0,Elm Heights,2428,13939,1926,25,257,,Active,,,https://www.redfin.com/IN/Bloomington/1300-E-1st-St-47401/home/136345955,IRMLS,202334306,N,Y,39.1589958,-86.5175563
MLS Listing,,Single Family Residential,3044 N Natasha Dr,Bloomington,IN,47404,335000,3,2.0,River Bend / Riverbend,1509,9583,2004,25,222,,Active,,,https://www.redfin.com/IN/Bloomington/3044-N-Natasha-Dr-47404/home/136396133,IRMLS,202334278,N,Y,39.2020035,-86.5880624
MLS Listing,,Single Family Residential,4433 W Silverthorne St,Bloomington,IN,47404,391000,4,3.5,Wood Gate / Woodgate,2576,16988,1995,25,152,,Active,October-22-2023 01:00 PM,October-22-2023 03:00 PM,https://www.redfin.com/IN/Bloomington/4433-W-Silverthorne-St-47404/home/136539707,IRMLS,202334264,N,Y,39.2219172,-86.5916209
MLS Listing,,Single Family Residential,7203 S Lodge Rd,Bloomington,IN,47403,499000,3,3.5,Southwest Monroe County,4457,114127,2002,25,112,,Active,,,https://www.redfin.com/IN/Bloomington/7203-S-Lodge-Rd-47403/home/136554187,IRMLS,202334265,N,Y,39.07385,-86.581628
MLS Listing,,Single Family Residential,2808 S Kings Ct,Bloomington,IN,47401,669000,4,3.5,Hyde Park,3833,14810,1994,25,175,,Active,,,https://www.redfin.com/IN/Bloomington/2808-S-Kings-Ct-47401/home/136331970,IRMLS,202334246,N,Y,39.1422399,-86.4880654
MLS Listing,,Single Family Residential,8916 W Thacker Rd,Bloomington,IN,47403,650000,3,2.0,No Subdivision,2048,1745400,2004,25,317,,Active,,,https://www.redfin.com/IN/Bloomington/8916-Thacker-Rd-47403/home/136624112,MIBOR as Distributed by MLS Grid,21942836,N,Y,39.01255,-86.667216
MLS Listing,,Single Family Residential,4666 N Shadow Wood Dr,Bloomington,IN,47404,385000,4,2.5,Wood Gate / Woodgate,2140,10454,2006,25,180,15,Active,,,https://www.redfin.com/IN/Bloomington/4666-N-Shadow-Wood-Dr-47404/home/136396952,IRMLS,202334223,N,Y,39.221045,-86.583975
MLS Listing,,Single Family Residential,4701 N Robs Ln,Bloomington,IN,47408,249000,4,3.0,Robs Ridge,2112,26572,1999,26,118,,Active,,,https://www.redfin.com/IN/Bloomington/4701-N-Robs-Ln-47408/home/136558778,IRMLS,202334197,N,Y,39.2192934,-86.4678025
MLS Listing,,Single Family Residential,3796 W Cheryl Dr,Bloomington,IN,47404,360000,3,2.0,Highland Park Estates,1799,9148,2007,26,200,,Active,,,https://www.redfin.com/IN/Bloomington/3796-W-Cheryl-Dr-47404/home/136549289,IRMLS,202334141,N,Y,39.2120499,-86.5814918
MLS Listing,,Single Family Residential,4000 S Manowar Ct,Bloomington,IN,47401,500000,4,2.5,Bridlewood,2664,19602,2010,26,188,,Active,,,https://www.redfin.com/IN/Bloomington/4000-S-Manowar-Ct-47401/home/136622419,IRMLS,202334061,N,Y,39.1211277,-86.5221738
MLS Listing,,Single Family Residential,122 and 124 N Clark St,Bloomington,IN,47408,419000,2,1.0,Green Acres,768,5227,1969,26,546,,Active,,,https://www.redfin.com/IN/Bloomington/124-N-Clark-St-47408/home/136269159,IRMLS,202334046,N,Y,39.1677076,-86.5047942
MLS Listing,,Vacant Land,0 Greene Countyline Rd,Solsberry,IN,47459,200000,,,,,792356,,26,,,Active,,,https://www.redfin.com/IN/Solsberry/Greene-County-Line-Rd-47459/home/126204569,IRMLS,202334044,N,Y,39.094205,-86.686847
MLS Listing,,Single Family Residential,3875 Will Sowders Rd,Bloomington,IN,47401,369000,3,1.0,Lake Monroe,912,90605,1966,27,405,,Active,,,https://www.redfin.com/IN/Bloomington/3875-E-Will-Sowders-Rd-47401/home/136467086,IRMLS,202333889,N,Y,39.0557359,-86.4838792
MLS Listing,,Single Family Residential,605 S Bobcat Bnd,Bloomington,IN,47403,499900,4,2.5,Stonechase,2988,9148,2015,29,167,32,Active,,,https://www.redfin.com/IN/Bloomington/605-S-Bobcat-Bnd-47403/home/136870143,IRMLS,202333786,N,Y,39.1578972,-86.5946158
MLS Listing,,Single Family Residential,7546 W Upland Dr,Bloomington,IN,47404,309900,3,2.0,Prominence Place,1623,11761,2023,29,191,,Active,,,https://www.redfin.com/IN/Bloomington/7546-W-Upland-Dr-47404/home/187526930,IRMLS,202333797,N,Y,39.2236221,-86.6399229
MLS Listing,,Single Family Residential,1011 E Keri Marie Ln,Bloomington,IN,47401,399900,3,2.0,Walnut Creek,1584,6970,2023,29,252,,Active,,,https://www.redfin.com/IN/Bloomington/1011-E-Keri-Marie-Ln-47401/home/136537311,IRMLS,202333803,N,Y,39.1447211,-86.5204377
MLS Listing,,Condo/Co-op,4209 S Red Pine Dr,Bloomington,IN,47401,564900,3,2.0,Derby Pines,1737,,2022,30,325,100,Active,,,https://www.redfin.com/IN/Bloomington/4209-E-Pine-Ln-47401/home/187522132,IRMLS,202333735,N,Y,39.1481887,-86.4962792
MLS Listing,,Condo/Co-op,4232 S Red Pine Dr,Bloomington,IN,47401,474900,3,2.0,Derby Pines,1737,,2023,30,273,100,Active,,,https://www.redfin.com/IN/Bloomington/4232-S-Red-Pine-DR-Unknown/home/187522131,IRMLS,202333736,N,Y,39.165325,-86.5263857
MLS Listing,,Condo/Co-op,4224 S Red Pine Dr,Bloomington,IN,47401,469900,3,2.0,Derby Pines,1737,,2023,30,271,100,Active,,,https://www.redfin.com/IN/Bloomington/4224-S-Red-Pine-DR-Unknown/home/187521579,IRMLS,202333727,N,Y,39.165325,-86.5263857
MLS Listing,,Condo/Co-op,4220 S Red Pine Dr,Bloomington,IN,47401,439900,3,2.0,Derby Pines,1737,,2023,30,253,100,Active,,,https://www.redfin.com/IN/Bloomington/4220-S-Red-Pine-DR-Unknown/home/187521578,IRMLS,202333725,N,Y,39.165325,-86.5263857
MLS Listing,,Condo/Co-op,4205 S Red Pine Dr,Bloomington,IN,47401,594900,3,3.0,Derby Pines,2106,,2023,30,282,100,Active,,,https://www.redfin.com/IN/Bloomington/4205-E-Pine-Ln-47401/home/187524102,IRMLS,202333719,N,Y,39.1481887,-86.4962792
MLS Listing,,Single Family Residential,2108 E Ashwood Ln,Bloomington,IN,47401,599900,5,3.5,Stands Ashwood,3531,16117,1993,30,170,,Active,,,https://www.redfin.com/IN/Bloomington/2108-E-Ashwood-Ln-47401/home/136555010,IRMLS,202333712,N,Y,39.1290718,-86.510728
MLS Listing,,Single Family Residential,8320 S Ashley Ave,Bloomington,IN,47401,629000,4,3.0,Bellevista,3159,208652,1993,30,199,,Active,,,https://www.redfin.com/IN/Bloomington/8320-S-Ashley-Ave-47401/home/136214865,IRMLS,202333644,N,Y,39.051234,-86.515504
MLS Listing,,Single Family Residential,2602 S Rockport Rd,Bloomington,IN,47403,289900,4,2.5,Southern Pines,1565,16553,2005,31,185,,Active,,,https://www.redfin.com/IN/Bloomington/2602-S-Rockport-Rd-47403/home/164350727,IRMLS,202333539,N,Y,39.1397436,-86.5460042
MLS Listing,,Single Family Residential,1125 W 20th St,Bloomington,IN,47404,212000,2,1.0,,780,34848,1950,31,272,,Active,,,https://www.redfin.com/IN/Bloomington/1125-W-20th-St-47404/home/164348610,IRMLS,202333406,N,Y,39.1836925,-86.5483708
MLS Listing,,Condo/Co-op,9461 S Pointe Lasalles Dr #68,Bloomington,IN,47401,224900,2,2.5,Pointe La Salles Woods,1475,828,1997,31,152,270,Active,,,https://www.redfin.com/IN/Bloomington/9461-S-Pointe-Lasalles-Dr-47401/unit-68/home/187467241,IRMLS,202333385,N,Y,39.0278921,-86.5017743
MLS Listing,,Vacant Land,6495 S Henady Ln,Bloomington,IN,47403,89900,,,,,108900,,32,,,Active,,,https://www.redfin.com/IN/Bloomington/6495-S-Henady-Ln-47403/home/136648844,IRMLS,202333355,N,Y,39.087352,-86.614229
MLS Listing,,Single Family Residential,3924 W Ashbrook Ln,Bloomington,IN,47404,429000,3,3.0,Ellis Ridge,1850,10019,2023,32,232,,Active,,,https://www.redfin.com/IN/Bloomington/3924-W-Ashbrook-Ln-47404/home/185464070,IRMLS,202333336,N,Y,39.213402,-86.584424
MLS Listing,,Single Family Residential,2730 N Mt Gilead Rd,Bloomington,IN,47408,265000,4,2.0,,1912,87120,1986,32,139,,Active,,,https://www.redfin.com/IN/Bloomington/2730-N-Mount-Gilead-Rd-47408/home/136519206,IRMLS,202333288,N,Y,39.1899587,-86.4407726
MLS Listing,,Single Family Residential,3001 E Fox Chase Run,Bloomington,IN,47401,885000,5,4.5,Fox Chase / Foxchase,4980,40075,2004,32,178,25,Active,,,https://www.redfin.com/IN/Bloomington/3001-E-Fox-Chase-Run-47401/home/136318742,IRMLS,202333277,N,Y,39.1246841,-86.4984504
MLS Listing,,Mobile/Manufactured Home,9205 S Harrodsburg Rd,Harrodsburg,IN,47403,179900,3,2.0,Southwest Monroe County,1328,23087,2007,35,135,,Active,,,https://www.redfin.com/IN/Bloomington/9205-S-Harrodsburg-Rd-47403/home/136430630,IRMLS,202332884,N,Y,39.0135279,-86.5442291
MLS Listing,,Townhouse,9592 S Pointe Lasalles Dr. #107 Dr #107,Bloomington,IN,47401,359000,4,3.0,Pointe La Salles Woods,2058,,1975,37,174,402,Active,,,https://www.redfin.com/IN/Bloomington/9592-S-Pointe-Lasalles-Dr-47401/unit-107/home/187402328,IRMLS,202332752,N,Y,39.0278955,-86.5020518
MLS Listing,,Single Family Residential,3707 N Upper Birdie Galyan Rd,Bloomington,IN,47401,1200000,4,3.0,Northeast Monroe County,4286,3484800,1978,37,280,,Active,,,https://www.redfin.com/IN/Bloomington/3707-N-Upper-Birdie-Galyan-Rd-47408/home/187400762,IRMLS,202332728,N,Y,39.196679,-86.424491
MLS Listing,,Multi-Family (5+ Unit),1201 W Allen St,Bloomington,IN,47403,4400000,40,40.0,Southwest Bloomington City,23310,115870,1985,37,189,,Active,,,https://www.redfin.com/IN/Bloomington/1201-W-Allen-St-47403/home/136603843,IRMLS,202332690,N,Y,39.1550731,-86.5461028
MLS Listing,,Single Family Residential,5820 S Handy Rd,Bloomington,IN,47401,1290000,5,4.0,,5455,108464,2006,37,236,,Active,,,https://www.redfin.com/IN/Bloomington/5820-S-Handy-Rd-47401/home/136637931,IRMLS,202332560,N,Y,39.093298,-86.489458
MLS Listing,,Single Family Residential,4522 N Triple Crown Dr,Bloomington,IN,47404,559900,4,3.5,Charlestowne Manor,2500,10454,2023,38,224,21,Active,,,https://www.redfin.com/IN/Bloomington/4522-N-Triple-Crown-Dr-47404/home/185464142,IRMLS,202332517,N,Y,39.2174886,-86.6043356
MLS Listing,,Single Family Residential,6155 W State Road 48 Hwy,Bloomington,IN,47404,224900,3,2.0,Southwest Monroe County,1292,27007,1971,38,174,,Active,,,https://www.redfin.com/IN/Bloomington/6155-W-State-Road-48-47404/home/164351911,IRMLS,202332506,N,Y,39.1644471,-86.6118727
MLS Listing,,Single Family Residential,6115 E State Road 46 Rd,Bloomington,IN,47401,499000,5,3.0,Southeast Monroe County,3696,130680,1978,38,135,,Active,,,https://www.redfin.com/IN/Bloomington/6115-E-State-Road-46-47401/home/136211980,IRMLS,202332470,N,Y,39.1636289,-86.4416224
MLS Listing,,Single Family Residential,1356 E Marigold Rd Rd,Bloomington,IN,47401,299900,3,2.5,Lakewood Hills,1608,15246,1987,38,187,,Active,,,https://www.redfin.com/IN/Bloomington/1356-E-Marigold-Dr-47401/home/136436538,IRMLS,202332453,N,Y,39.0374659,-86.5188193
MLS Listing,,Single Family Residential,2802 E Lilac Ct,Bloomington,IN,47401,494900,4,2.5,Dogwood Estates,3012,44431,1993,38,164,,Active,,,https://www.redfin.com/IN/Bloomington/2802-E-Lilac-Ct-47401/home/136225316,IRMLS,202332349,N,Y,39.096082,-86.5044317
MLS Listing,,Single Family Residential,3026 E Chase Ln,Bloomington,IN,47401,530000,4,2.5,Forest Chase,3218,30492,1988,38,165,,Active,,,https://www.redfin.com/IN/Bloomington/3026-E-Chase-Ln-47401/home/136639516,IRMLS,202332346,N,Y,39.1133338,-86.4951338
MLS Listing,,Vacant Land,1317 W 7th St,Bloomington,IN,47404,64900,,,,,9148,,39,,,Active,,,https://www.redfin.com/IN/Bloomington/1317-W-7th-St-47404/home/164348700,IRMLS,202332287,N,Y,39.168387,-86.550431
MLS Listing,,Single Family Residential,3245 E Mattatha Dr,Bloomington,IN,47401,749900,5,3.5,Red Oak Estates,5624,159430,1998,39,133,,Active,,,https://www.redfin.com/IN/Bloomington/3245-E-Mattatha-Dr-47401/home/136450830,IRMLS,202332260,N,Y,39.0725905,-86.4901189
MLS Listing,,Single Family Residential,3120 E Diana Ct,Bloomington,IN,47401,595000,3,3.0,Hyde Park,3308,16988,1986,39,180,,Active,,,https://www.redfin.com/IN/Bloomington/3120-E-Diana-Ct-47401/home/136416811,IRMLS,202332190,N,Y,39.145303,-86.4906915
MLS Listing,,Single Family Residential,5851 S Handy Rd,Bloomington,IN,47401,424900,4,2.5,,1870,132858,1973,39,227,,Active,,,https://www.redfin.com/IN/Bloomington/5851-S-Handy-Rd-47401/home/136624527,IRMLS,202332150,N,Y,39.09554,-86.489667
MLS Listing,,Single Family Residential,6529 S Fairfax Rd,Bloomington,IN,47401,272000,3,2.5,No Subdivision,1872,21344,1995,43,145,,Active,,,https://www.redfin.com/IN/Bloomington/6529-S-Fairfax-Rd-47401/home/136305709,MIBOR as Distributed by MLS Grid,21941520,N,Y,39.0773819,-86.5103333
MLS Listing,,Single Family Residential,3757 S Mcdougal St,Bloomington,IN,47403,345000,3,2.5,The Highlands,2472,8712,2005,43,140,9,Active,,,https://www.redfin.com/IN/Bloomington/3757-S-McDougal-St-47403/home/136380921,IRMLS,202331870,N,Y,39.125235,-86.5525121
MLS Listing,,Condo/Co-op,5063 W Harvest Ln,Bloomington,IN,47404,369900,2,2.0,Autumn Ridge,1620,,2022,44,228,150,Active,,,https://www.redfin.com/IN/Bloomington/5063-W-Harvest-Ln-47404/home/181126793,IRMLS,202331779,N,Y,39.220653,-86.601381
MLS Listing,,Single Family Residential,1005 E Erin Ct,Bloomington,IN,47401,399000,4,2.5,Walnut Creek,2287,6534,1997,44,174,,Active,,,https://www.redfin.com/IN/Bloomington/1005-E-Erin-Ct-47401/home/136415486,IRMLS,202331760,N,Y,39.1437524,-86.5209899
MLS Listing,,Single Family Residential,9125 N Mann Rd,Bloomington,IN,47404,497500,4,3.0,,3180,382457,1960,44,156,,Active,October-15-2023 02:30 PM,October-15-2023 04:30 PM,https://www.redfin.com/IN/Bloomington/9125-N-Mann-Rd-47404/home/136455146,IRMLS,202331707,N,Y,39.306329,-86.517463
MLS Listing,,Single Family Residential,3705 E Devonshire Ln,Bloomington,IN,47408,799900,3,3.5,Devonshire,5047,49223,1991,44,158,,Active,,,https://www.redfin.com/IN/Bloomington/3705-E-Devonshire-Ln-47408/home/136493374,IRMLS,202331704,N,Y,39.185704,-86.4899017
MLS Listing,,Single Family Residential,2730 N Blue Ridge Ct,Bloomington,IN,47408,514900,4,2.5,Blue Ridge Estates,2558,10890,1985,44,201,3,Active,,,https://www.redfin.com/IN/Bloomington/2730-N-Blue-Ridge-Ct-47408/home/136491952,IRMLS,202331682,N,Y,39.194373,-86.531521
MLS Listing,,Vacant Land,8020 W Rice Rd,Bloomington,IN,47403,170000,,,,,496148,,44,,,Active,,,https://www.redfin.com/IN/Bloomington/8020-W-Rice-Rd-47403/home/136358121,IRMLS,202331665,N,Y,39.1523094,-86.648494
MLS Listing,,Single Family Residential,807 W 8th St,Bloomington,IN,47404,217000,2,1.0,Prospect Hill Near West Side,1070,6970,1940,45,203,,Active,,,https://www.redfin.com/IN/Bloomington/807-W-8th-St-47404/home/136646955,IRMLS,202331508,N,Y,39.1693964,-86.5424935
MLS Listing,,Single Family Residential,3821 S Westmont Ave,Bloomington,IN,47403,212000,3,1.0,Westmont,988,20909,1983,45,215,,Active,,,https://www.redfin.com/IN/Bloomington/3821-S-Westmont-Ave-47403/home/136148719,IRMLS,202331446,N,Y,39.125841,-86.619415
MLS Listing,,Single Family Residential,605 N Monroe St,Bloomington,IN,47404,169900,3,2.0,,1344,6098,1999,46,126,,Active,,,https://www.redfin.com/IN/Bloomington/605-N-Monroe-St-47404/home/164345926,IRMLS,202331388,N,Y,39.1716908,-86.5473453
MLS Listing,,Single Family Residential,2615 S Rockport RD Rd,Bloomington,IN,47403,249900,2,1.0,Broadview,826,8712,1930,47,303,,Active,,,https://www.redfin.com/IN/Bloomington/2615-S-Rockport-Rd-47403/home/136317281,IRMLS,202331143,N,Y,39.1390046,-86.5457281
MLS Listing,,Single Family Residential,1711 S Maxwell St,Bloomington,IN,47401,449000,3,3.0,Huntington Park,1882,21780,1992,47,239,,Active,,,https://www.redfin.com/IN/Bloomington/1711-S-Maxwell-St-47401/home/136361117,IRMLS,202328597,N,Y,39.1474584,-86.5145567
MLS Listing,,Single Family Residential,3741 E Mabel's Way,Bloomington,IN,47408,1325000,4,4.5,Lanam Ridgeview Estates,7015,158123,1998,47,189,33,Active,,,https://www.redfin.com/IN/Bloomington/3741-E-Mabels-Way-47408/home/136610922,IRMLS,202327933,N,Y,39.1874707,-86.4865845
MLS Listing,,Single Family Residential,3830 W Woodhaven Dr,Bloomington,IN,47403,259900,4,2.0,Wood Haven Estates / Woodhaven E,1536,10019,1988,48,169,,Active,,,https://www.redfin.com/IN/Bloomington/3830-W-Woodhaven-Dr-47403/home/136546081,IRMLS,202331042,N,Y,39.1278361,-86.5802305
MLS Listing,,Single Family Residential,7501 W Natalie Dr,Bloomington,IN,47404,330000,4,2.0,Prominence Place,1912,10019,2023,48,173,,Active,,,https://www.redfin.com/IN/Bloomington/7501-W-Natalie-Dr-47404/home/187201155,IRMLS,202331013,N,Y,39.2223272,-86.6366738
MLS Listing,,Single Family Residential,2513 E Poplar Ct,Bloomington,IN,47401,599000,4,3.5,Spicewood,3172,14810,1983,48,189,,Active,,,https://www.redfin.com/IN/Bloomington/2513-E-Poplar-Ct-47401/home/136359113,IRMLS,202330998,N,Y,39.136938,-86.502726
MLS Listing,,Single Family Residential,3930 E 10th St,Bloomington,IN,47408,479000,3,2.5,,4100,47916,1930,48,117,,Active,,,https://www.redfin.com/IN/Bloomington/3930-E-10th-St-47408/home/136282467,IRMLS,202328382,N,Y,39.1716818,-86.4857749
MLS Listing,,Single Family Residential,6565 S Harmony Rd,Bloomington,IN,47403,649950,4,3.5,,3837,153767,2023,48,169,,Active,,,https://www.redfin.com/IN/Bloomington/6565-S-Harmony-Rd-47403/home/186468001,IRMLS,202328404,N,Y,39.0853938,-86.6367493
MLS Listing,,Condo/Co-op,3036 E Bricklin Ct,Bloomington,IN,47401,825000,4,3.5,Hyde Park Rosewood,5364,,2008,49,154,390,Active,,,https://www.redfin.com/IN/Bloomington/3036-E-Bricklin-Ct-47401/home/136306320,IRMLS,202329650,N,Y,39.1467883,-86.4941821
MLS Listing,,Condo/Co-op,2581 S Delila Star Dr,Bloomington,IN,47403,239900,2,2.5,Summit Ridge / Summitridge,1302,,2012,50,184,100,Active,,,https://www.redfin.com/IN/Bloomington/2581-S-Delila-Star-Dr-47403/home/136351426,IRMLS,202330904,N,Y,39.1403578,-86.5573722
MLS Listing,,Single Family Residential,718 E Crestline Dr,Bloomington,IN,47401,345000,3,3.0,Southeast Monroe County,1458,29621,1967,50,237,,Active,,,https://www.redfin.com/IN/Bloomington/718-E-Crestline-Dr-47401/home/136642735,IRMLS,202330887,N,Y,39.116049,-86.5248572
MLS Listing,,Single Family Residential,5800 W Duvall Rd,Bloomington,IN,47403,475000,4,2.5,,3005,108900,2004,50,158,,Active,,,https://www.redfin.com/IN/Bloomington/5800-W-Duvall-Rd-47403/home/136495623,IRMLS,202328318,N,Y,39.0866953,-86.6142362
MLS Listing,,Single Family Residential,5038 N Muirfield Dr,Bloomington,IN,47404,1299000,5,5.0,Muirfield,5444,62726,2022,50,239,,Active,,,https://www.redfin.com/IN/Bloomington/5038-N-Muirfield-Dr-47404/home/168294276,IRMLS,202326715,N,Y,39.21962,-86.57062
MLS Listing,,Single Family Residential,4575 S Stansifer Ln,Bloomington,IN,47403,289900,3,2.0,,1872,37462,1966,51,155,,Active,,,https://www.redfin.com/IN/Bloomington/4575-S-Stansifer-Ln-47403/home/136556758,IRMLS,202330869,N,Y,39.1124607,-86.5680424
MLS Listing,,Single Family Residential,4196 W Boheny Dr,Bloomington,IN,47404,429000,4,2.5,Wood Gate / Woodgate,2872,27878,2007,51,149,,Active,,,https://www.redfin.com/IN/Bloomington/4196-W-Boheny-Dr-47404/home/136504049,IRMLS,202330845,N,Y,39.2215232,-86.5864581
MLS Listing,,Single Family Residential,7532 W Anya Ct,Bloomington,IN,47404,519900,5,3.0,Prominence Place,4958,15202,2023,51,105,,Active,,,https://www.redfin.com/IN/Bloomington/7532-W-Anya-CT-Unknown/home/185804714,IRMLS,202330841,N,Y,39.165325,-86.5263857
MLS Listing,,Single Family Residential,9141 S Front Nine Dr,Bloomington,IN,47401,319900,3,2.0,Pointe Front Nine,1893,15246,1994,51,169,133,Active,,,https://www.redfin.com/IN/Bloomington/9141-S-Front-Nine-Dr-47401/home/136557270,IRMLS,202330811,N,Y,39.0334326,-86.5192731
MLS Listing,,Single Family Residential,7526 W Upland Dr,Bloomington,IN,47404,369900,3,2.0,Prominence Place,1820,10890,2023,51,203,,Active,,,https://www.redfin.com/IN/Bloomington/7526-W-Upland-Dr-47404/home/187078264,IRMLS,202330791,N,Y,39.2236478,-86.6397726
MLS Listing,,Single Family Residential,3631 S Hays Dr,Bloomington,IN,47403,274900,3,1.5,,1985,9060,1967,51,138,,Active,,,https://www.redfin.com/IN/Bloomington/3631-S-Hays-Dr-47403/home/136568713,IRMLS,202330770,N,Y,39.1239426,-86.5376412
MLS Listing,,Single Family Residential,5191 N Brummetts Creek Rd,Bloomington,IN,47408,494900,3,2.5,,3034,217800,1991,51,163,,Active,,,https://www.redfin.com/IN/Bloomington/5191-N-Brummetts-Creek-Rd-47408/home/136211706,IRMLS,202330693,N,Y,39.2249393,-86.4148749
MLS Listing,,Single Family Residential,3155 N Smith Pike,Bloomington,IN,47404,264000,3,2.0,,1544,20038,1968,51,171,,Active,,,https://www.redfin.com/IN/Bloomington/3155-N-Smith-Pike-47404/home/136591646,IRMLS,202330670,N,Y,39.2040797,-86.5835809
MLS Listing,,Single Family Residential,4147 W Middle Ct,Bloomington,IN,47403,254900,3,2.0,Highland Village,1704,8712,1960,51,150,,Active,,,https://www.redfin.com/IN/Bloomington/4147-W-Middle-Ct-47403/home/136288781,IRMLS,202326785,N,Y,39.1602169,-86.5850786
MLS Listing,,Single Family Residential,1031 S Graywell Dr,Bloomington,IN,47401,319900,3,2.0,Gentry Estates,1250,10454,1989,52,256,25,Active,,,https://www.redfin.com/IN/Bloomington/1031-S-Graywell-Dr-47401/home/136172135,IRMLS,202330635,N,Y,39.1558769,-86.4751305
MLS Listing,,Single Family Residential,2807 N Blue Slopes Dr,Bloomington,IN,47408,479900,4,3.5,Blue Ridge,3218,15246,1996,52,149,,Active,,,https://www.redfin.com/IN/Bloomington/2807-N-Blue-Slopes-Dr-47408/home/136450587,MIBOR as Distributed by MLS Grid,21939982,N,Y,39.1950543,-86.5333408
MLS Listing,,Single Family Residential,921 W Gourley Pike,Bloomington,IN,47404,180000,2,1.0,,1134,15682,1935,52,159,,Active,,,https://www.redfin.com/IN/Bloomington/921-W-Gourley-Pike-47404/home/164345858,IRMLS,202330508,N,Y,39.186218,-86.5445841
MLS Listing,,Single Family Residential,6625 W Duvall Rd,Bloomington,IN,47403,599000,3,2.5,,3499,435600,2004,53,171,,Active,,,https://www.redfin.com/IN/Bloomington/6625-W-Duvall-Rd-47403/home/164347800,IRMLS,202328496,N,Y,39.072722,-86.618065
MLS Listing,,Single Family Residential,3865 E Dora Rd,Bloomington,IN,47408,390000,4,3.0,,2192,295337,1992,53,178,,Active,,,https://www.redfin.com/IN/Bloomington/3865-E-Dora-Rd-47408/home/136286161,IRMLS,202330336,N,Y,39.2667239,-86.4826549
MLS Listing,,Mobile/Manufactured Home,1732 S Garrison Chapel Rd,Bloomington,IN,47403,235900,3,2.0,,2280,47480,2000,53,103,,Active,,,https://www.redfin.com/IN/Bloomington/1732-S-Garrison-Chapel-Rd-47403/home/136375218,IRMLS,202329398,N,Y,39.1492207,-86.6434356
MLS Listing,,Single Family Residential,725 N Keystone Ct,Bloomington,IN,47408,425000,4,3.0,Tamarron Heights,2489,2614,2003,53,171,172,Active,,,https://www.redfin.com/IN/Bloomington/725-N-Keystone-Ct-47408/home/136530269,IRMLS,202328969,N,Y,39.1733644,-86.4843729
MLS Listing,,Single Family Residential,5759 S Glenview Dr,Bloomington,IN,47403,549900,4,2.5,Rolling Glen,2452,43996,2023,54,224,,Active,,,https://www.redfin.com/IN/Bloomington/5759-S-Glenview-Dr-47403/home/136495175,IRMLS,202330250,N,Y,39.097077,-86.561483
MLS Listing,,Single Family Residential,3845 W Ribbon Ln,Bloomington,IN,47404,444800,6,3.0,Centennial Park,2965,10454,2022,55,150,,Active,,,https://www.redfin.com/IN/Bloomington/3845-W-Ribbon-Ln-47404/home/180267366,IRMLS,202329652,N,Y,39.2173258,-86.5806559
MLS Listing,,Single Family Residential,3307 S Forrester St,Bloomington,IN,47401,580000,4,3.5,Kensington,3324,9583,2002,55,174,,Active,,,https://www.redfin.com/IN/Bloomington/3307-S-Forrester-St-47401/home/136152194,IRMLS,202330122,N,Y,39.1371338,-86.4944823
MLS Listing,,Vacant Land,0 Evans West Rd,Bloomington,IN,47403,327900,,,No Subdivision,,1178734,,55,,,Active,,,https://www.redfin.com/IN/Bloomington/Evans-West-RD-47403/home/187651874,MIBOR as Distributed by MLS Grid,21939221,N,Y,39.071657,-86.594475
MLS Listing,,Single Family Residential,4223 E Morningside Dr,Bloomington,IN,47408,330000,4,2.0,Park Ridge East,2516,15246,1965,55,131,,Active,,,https://www.redfin.com/IN/Bloomington/4223-E-Morningside-Dr-47408/home/136224266,IRMLS,202330022,N,Y,39.1676304,-86.4765723
MLS Listing,,Single Family Residential,1633 S Olive St,Bloomington,IN,47401,139900,1,1.0,,400,8276,1930,55,350,,Active,,,https://www.redfin.com/IN/Bloomington/1633-S-Olive-St-47401/home/164351586,IRMLS,202330007,N,Y,39.1487534,-86.5185035
MLS Listing,,Condo/Co-op,9649 S Lake Ridge Dr,Bloomington,IN,47401,153000,2,2.0,Pointe Waters Edge II,900,,1985,55,170,380,Active,,,https://www.redfin.com/IN/Bloomington/9649-S-Lake-Ridge-Dr-47401/home/136547093,IRMLS,202325932,N,Y,39.0255749,-86.5073716
MLS Listing,,Single Family Residential,4402 N Hillview Dr,Bloomington,IN,47408,365000,3,2.5,Marlin Hills,2234,18295,1962,56,163,,Active,,,https://www.redfin.com/IN/Bloomington/4402-N-Hillview-Dr-47408/home/136253830,IRMLS,202326450,N,Y,39.2120671,-86.5304802
MLS Listing,,Single Family Residential,904 W 4th St,Bloomington,IN,47404,194750,2,1.0,Prospect Hill Near West Side,828,6534,1950,57,235,,Active,,,https://www.redfin.com/IN/Bloomington/904-W-4th-St-47404/home/136148350,IRMLS,202328502,N,Y,39.1658714,-86.5440713
MLS Listing,,Single Family Residential,1348 E Short St,Bloomington,IN,47401,399900,3,2.0,Bloomington Cohousing,1260,1307,2020,58,317,150,Active,,,https://www.redfin.com/IN/Bloomington/1348-E-Short-St-47401/home/175235146,IRMLS,202329861,N,Y,39.1436766,-86.5143593
MLS Listing,,Single Family Residential,2003 S Sussex Dr,Bloomington,IN,47401,374500,4,2.5,Sycamore Knolls,2236,15682,1966,58,167,,Active,,,https://www.redfin.com/IN/Bloomington/2003-S-Sussex-Dr-47401/home/136162186,IRMLS,202327718,N,Y,39.1452309,-86.5065832
MLS Listing,,Vacant Land,4615 E Earl Young Rd,Bloomington,IN,47408,299900,,,,,1395662,,58,,,Active,,,https://www.redfin.com/IN/Bloomington/4615-Earl-Young-Rd-47408/home/187684434,IRMLS,202325554,N,Y,39.2323123,-86.4678206
MLS Listing,,Single Family Residential,2906 E Winston St,Bloomington,IN,47401,429000,4,2.5,Hyde Park,2404,11761,1985,58,178,,Active,,,https://www.redfin.com/IN/Bloomington/2906-E-Winston-St-47401/home/136580624,IRMLS,202325272,N,Y,39.1453887,-86.4942256
MLS Listing,,Single Family Residential,2912 S Market Pl,Bloomington,IN,47403,279000,4,2.0,Van Buren Park,1536,10890,1965,58,182,,Active,,,https://www.redfin.com/IN/Bloomington/2912-S-Market-Pl-47403/home/136389147,IRMLS,202325011,N,Y,39.135479,-86.5811962
MLS Listing,,Single Family Residential,3735 E Cleve Butcher Ct,Bloomington,IN,47401,825000,5,4.5,,3392,21780,1976,59,243,,Active,,,https://www.redfin.com/IN/Bloomington/3735-E-Cleve-Butcher-Ct-47401/home/136420355,IRMLS,202328048,N,Y,39.045732,-86.48054
MLS Listing,,Single Family Residential,512 W Skyline Dr,Bloomington,IN,47404,309900,2,2.0,,1572,13504,1959,59,197,,Active,,,https://www.redfin.com/IN/Bloomington/512-W-Skyline-Dr-47404/home/136559170,IRMLS,202329607,N,Y,39.190243,-86.539377
MLS Listing,,Single Family Residential,3900 W Ashbrook Ln,Bloomington,IN,47404,399900,3,2.0,Ellis Ridge,1800,13939,2023,59,222,,Active,,,https://www.redfin.com/IN/Bloomington/3900-W-Ashbrook-Ln-47404/home/185110342,IRMLS,202329541,N,Y,39.213402,-86.584424
MLS Listing,,Single Family Residential,740 E Holland Dr,Bloomington,IN,47401,629900,3,2.0,Holland Fields,2310,10454,2019,59,273,27,Active,,,https://www.redfin.com/IN/Bloomington/740-E-Holland-Dr-47401/home/175235292,IRMLS,202329453,N,Y,39.1176109,-86.523095
MLS Listing,,Vacant Land,Lot 63 N Viking Ridge Rd,Bloomington,IN,47408,160000,,,Danny Smith,,71874,,59,,,Active,,,https://www.redfin.com/IN/Benton-Township/Lot-63-N-Viking-Ridge-Rd-47408/home/186173081,IRMLS,202325709,N,Y,39.2168863,-86.4402745
MLS Listing,,Single Family Residential,5595 W Bedrock Rd,Bloomington,IN,47403,314500,3,2.5,Fieldstone Stonecrest,1662,13939,2004,60,189,10,Active,,,https://www.redfin.com/IN/Bloomington/5595-W-Bedrock-Rd-47403/home/136507174,IRMLS,202326395,N,Y,39.1569779,-86.6034814
MLS Listing,,Single Family Residential,4288 S Windmill Ln,Bloomington,IN,47401,499900,3,2.0,Holland Fields,2200,16117,2022,60,227,27,Active,,,https://www.redfin.com/IN/Bloomington/4288-S-Windmill-Ln-47401/home/175235306,IRMLS,202329349,N,Y,39.118366,-86.524573
MLS Listing,,Single Family Residential,4346 S Rotterdam Dr,Bloomington,IN,47401,539900,3,2.0,Holland Fields,2200,9583,2022,60,245,27,Active,,,https://www.redfin.com/IN/Bloomington/4346-S-Rotterdam-Dr-47401/home/179907660,IRMLS,202329345,N,Y,39.117105,-86.522835
MLS Listing,,Single Family Residential,3651 S Hays Dr,Bloomington,IN,47401,374900,3,2.0,Southeast Monroe County,1504,7841,2023,64,249,,Active,,,https://www.redfin.com/IN/Bloomington/3651-S-Hays-Dr-47403/home/179915530,IRMLS,202327698,N,Y,39.1235759,-86.5377384
MLS Listing,,Vacant Land,3295 S Spring Branch Rd,Bloomington,IN,47401,129000,,,Southeast Bloomington City,,57935,,64,,,Active,,,https://www.redfin.com/IN/Bloomington/3295-S-Spring-Branch-Rd-47401/home/136375941,IRMLS,202328592,N,Y,39.128974,-86.465069
MLS Listing,,Vacant Land,3515 E Harbor Dr,Bloomington,IN,47401,100000,,,Harbor Hill,,42253,,64,,,Active,,,https://www.redfin.com/IN/Bloomington/3515-E-Harbor-Dr-47401/home/136494665,IRMLS,202324791,N,Y,39.034718,-86.489012
MLS Listing,,Vacant Land,485 E Rhorer Rd,Bloomington,IN,47401,155000,,,,,33977,,65,,,Active,,,https://www.redfin.com/IN/Bloomington/485-E-Rhorer-Rd-47401/home/136555054,IRMLS,202328691,N,Y,39.12186,-86.525262
MLS Listing,,Mobile/Manufactured Home,4242 Red Rock Rd,Bloomington,IN,47403,169000,3,2.0,Cedar Chase,1040,19602,2002,65,163,,Active,,,https://www.redfin.com/IN/Bloomington/4242-W-Red-Rock-Rd-47403/home/136325846,IRMLS,202326201,N,Y,39.1310254,-86.5879163
MLS Listing,,Single Family Residential,1706 S Huntington Dr,Bloomington,IN,47401,314900,2,2.0,,1296,10672,1930,65,243,,Active,,,https://www.redfin.com/IN/Bloomington/1706-S-Huntington-Dr-47401/home/136471228,IRMLS,202326355,N,Y,39.1475724,-86.5211083
MLS Listing,,Single Family Residential,1803 E Thornton Dr,Bloomington,IN,47401,475000,3,2.5,Beechwood Manors,1944,12632,1985,65,244,,Active,,,https://www.redfin.com/IN/Bloomington/1803-E-Thornton-Dr-47401/home/136307859,IRMLS,202324461,N,Y,39.1486775,-86.5118727
MLS Listing,,Vacant Land,6620 W Duvall Rd,Bloomington,IN,47403,149000,,,,,805904,,66,,,Active,,,https://www.redfin.com/IN/Bloomington/6620-W-Duvall-Rd-47403/home/136545968,IRMLS,202328498,N,Y,39.0723729,-86.618628
MLS Listing,,Vacant Land,2410 S Daphne Dr,Bloomington,IN,47403,49900,,,,,36590,,66,,,Active,,,https://www.redfin.com/IN/Bloomington/2410-S-Daphne-Dr-47403/home/136565150,IRMLS,202328488,N,Y,39.1282319,-86.604542
MLS Listing,,Single Family Residential,5022 W Autumn Cir,Bloomington,IN,47404,579900,4,2.5,Autumn Hills,3785,45738,2000,66,153,,Active,,,https://www.redfin.com/IN/Bloomington/5022-W-Autumn-Cir-47404/home/136396614,IRMLS,202328403,N,Y,39.221685,-86.598353
MLS Listing,,Single Family Residential,7017 S Harmony Rd,Bloomington,IN,47403,409950,3,3.5,,2003,14375,2023,66,205,,Active,,,https://www.redfin.com/IN/Bloomington/7017-S-Harmony-Rd-47403/home/136575161,IRMLS,202328356,N,Y,39.0775133,-86.6287545
MLS Listing,,Vacant Land,2009 S Mcgowan Rd,Bloomington,IN,47401,239000,,,,,586753,,67,,,Active,,,https://www.redfin.com/IN/Bloomington/2009-S-McGowan-Rd-47401/home/136193569,IRMLS,202328288,N,Y,39.140471,-86.389066
MLS Listing,,Single Family Residential,406 E Audubon Dr,Bloomington,IN,47408,899000,7,6.0,Marlin Hills,7312,27007,1972,67,123,2,Active,,,https://www.redfin.com/IN/Bloomington/406-E-Audubon-Dr-47408/home/136475747,IRMLS,202324676,N,Y,39.2127646,-86.5300659
MLS Listing,,Single Family Residential,4788 E State Road 46,Bloomington,IN,47401,299900,3,2.5,Southeast Monroe County,1682,58370,1958,69,178,,Active,,,https://www.redfin.com/IN/Bloomington/4788-E-State-Road-46-47401/home/136457497,IRMLS,202325546,N,Y,39.165877,-86.466846
MLS Listing,,Single Family Residential,7704 W Airport Rd,Bloomington,IN,47403,399900,5,3.0,,2976,119790,1974,70,134,,Active,,,https://www.redfin.com/IN/Bloomington/7704-W-Airport-Rd-47403/home/136537499,IRMLS,202327512,N,Y,39.1364754,-86.6421332
MLS Listing,,Single Family Residential,919 W Kirkwood Ave,Bloomington,IN,47404,269000,2,1.0,Northwest Bloomington City,792,6534,1971,71,340,,Active,,,https://www.redfin.com/IN/Bloomington/919-W-Kirkwood-Ave-47404/home/136399413,IRMLS,202326856,N,Y,39.1664965,-86.5446236
MLS Listing,,Single Family Residential,2365 E Linden Hill Dr,Bloomington,IN,47401,549000,5,3.0,Stands Linden Hill,3247,17860,1988,71,169,,Active,,,https://www.redfin.com/IN/Bloomington/2365-E-Linden-Hill-Dr-47401/home/136333482,IRMLS,202324146,N,Y,39.1329994,-86.5083003
MLS Listing,,Single Family Residential,4379 E Sundance Ln,Bloomington,IN,47401,289900,3,2.0,,1248,36590,1970,71,232,,Active,,,https://www.redfin.com/IN/Bloomington/4379-E-Sundance-Ln-47401/home/136544204,IRMLS,202324502,N,Y,39.0765042,-86.4689087
MLS Listing,,Single Family Residential,3581 N Serendipity Dr,Bloomington,IN,47408,299000,2,1.0,No Subdivision,1672,509652,1965,72,179,,Active,,,https://www.redfin.com/IN/Bloomington/3581-N-Serendipity-Dr-47408/home/136192811,MIBOR as Distributed by MLS Grid,21936205,N,Y,39.2031581,-86.4854136
MLS Listing,,Single Family Residential,1400 E Sample Rd,Bloomington,IN,47408,799000,4,3.0,Northeast Monroe County,2767,205603,2004,73,289,,Active,,,https://www.redfin.com/IN/Bloomington/1400-E-Sample-Rd-47408/home/136202613,IRMLS,202325513,N,Y,39.2568111,-86.5054581
MLS Listing,,Multi-Family (5+ Unit),1614 W Arlington Rd,Bloomington,IN,47404,530000,10,10.0,,4793,77101,1952,74,111,,Active,,,https://www.redfin.com/IN/Bloomington/1614-W-Arlington-Rd-47404/home/136519964,IRMLS,202323000,N,Y,39.1827925,-86.5494789
MLS Listing,,Single Family Residential,1410 W Dove Dr,Bloomington,IN,47403,429000,3,2.0,Eagle View / Eagleview,2100,15246,2008,75,204,,Active,,,https://www.redfin.com/IN/Bloomington/1410-W-Dove-Dr-47403/home/136619815,IRMLS,202325949,N,Y,39.1203606,-86.5476806
MLS Listing,,Single Family Residential,4104 N Rosewood Dr,Bloomington,IN,47404,379900,4,3.0,Ridgefield,3248,9147,2002,77,117,,Active,,,https://www.redfin.com/IN/Bloomington/4104-N-Rosewood-Dr-47404/home/136147521,MIBOR as Distributed by MLS Grid,21934624,N,Y,39.206845,-86.5486272
MLS Listing,,Single Family Residential,1316 E Short St,Bloomington,IN,47401,424000,3,2.0,Bloomington Cohousing,1255,1307,2023,78,338,150,Active,,,https://www.redfin.com/IN/Bloomington/1316-E-Short-St-47401/home/175235149,IRMLS,202323964,N,Y,39.143835,-86.514605
MLS Listing,,Single Family Residential,3424 S Cedarwood Cir,Bloomington,IN,47401,489000,4,2.5,No Subdivision,2602,11326,2003,80,188,,Active,,,https://www.redfin.com/IN/Bloomington/3424-S-Cedarwood-Cir-47401/home/136222558,MIBOR as Distributed by MLS Grid,21934503,N,Y,39.1300998,-86.5057147
MLS Listing,,Single Family Residential,3149 S State Road 446,Bloomington,IN,47401,559900,3,2.5,No Subdivision,3856,87120,1993,83,145,,Active,,,https://www.redfin.com/IN/Bloomington/3149-S-State-Road-446-47401/home/136455142,MIBOR as Distributed by MLS Grid,21933983,N,Y,39.1380896,-86.4608489
MLS Listing,,Single Family Residential,2954 N Ramble Rd W,Bloomington,IN,47408,445000,4,3.0,No Subdivision,3574,23087,1973,83,125,,Active,,,https://www.redfin.com/IN/Bloomington/2954-N-Ramble-Rd-W-47408/home/136506805,MIBOR as Distributed by MLS Grid,21933317,N,Y,39.1994474,-86.5337353
MLS Listing,,Single Family Residential,2516 E Nottingham Ct,Bloomington,IN,47401,1199000,6,5.5,Bristol Manor,6875,43996,2005,86,174,8,Active,,,https://www.redfin.com/IN/Bloomington/2516-E-Nottingham-Ct-47401/home/136484586,IRMLS,202325585,N,Y,39.112963,-86.5071753
MLS Listing,,Single Family Residential,2807 S Elizabeth Ct,Bloomington,IN,47401,555000,4,2.5,Hyde Park,3000,16553,1996,87,185,,Active,,,https://www.redfin.com/IN/Bloomington/2807-S-Elizabeth-Ct-47401/home/136137441,MIBOR as Distributed by MLS Grid,21933220,N,Y,39.1423026,-86.4935346
MLS Listing,,Mobile/Manufactured Home,3101 E Anderson Rd,Bloomington,IN,47408,619900,3,2.0,,1568,2191504,1988,91,395,,Active,,,https://www.redfin.com/IN/Bloomington/3101-E-Anderson-Rd-47408/home/184387549,IRMLS,202324085,N,Y,39.2677059,-86.497196
MLS Listing,,Single Family Residential,2809 E Hunters Glen Gln,Bloomington,IN,47401,575000,5,4.0,Hunters Glen,4190,13068,1992,93,137,,Active,,,https://www.redfin.com/IN/Bloomington/2809-W-Hunters-Gln-47401/home/136244938,IRMLS,202324653,N,Y,39.1429579,-86.497108
MLS Listing,,Single Family Residential,1207 S Lincoln St,Bloomington,IN,47401,319000,2,1.5,Driscoll,1231,5227,1925,93,259,,Active,,,https://www.redfin.com/IN/Bloomington/1207-S-Lincoln-St-47401/home/136657231,IRMLS,202322071,N,Y,39.1529079,-86.5311475
MLS Listing,,Single Family Residential,3630 W Fullerton Pike,Bloomington,IN,47403,244900,3,2.0,Garden Acres,1804,20038,1954,99,136,,Active,,,https://www.redfin.com/IN/Bloomington/3630-W-Fullerton-Pike-47403/home/136323553,IRMLS,202322451,N,Y,39.1232123,-86.5776683
MLS Listing,,Single Family Residential,3747 W Oak Leaf Dr,Bloomington,IN,47403,269000,3,2.5,Leonard Springs,1532,22216,1967,99,176,,Active,,,https://www.redfin.com/IN/Bloomington/3747-Oak-Leaf-Dr-47403/home/136654748,IRMLS,202319526,N,Y,39.1405081,-86.5761309
MLS Listing,,Vacant Land,908 N Madison St,Bloomington,IN,47404,675000,,,Kenwood,,30056,,100,,,Active,,,https://www.redfin.com/IN/Bloomington/908-N-Madison-St-47404/home/168294710,IRMLS,202323564,N,Y,39.1753751,-86.5374439
MLS Listing,,Single Family Residential,2538 N Mount Gilead Road Cmn,Bloomington,IN,47408,261900,3,2.0,,1560,43560,1940,100,168,,Active,,,https://www.redfin.com/IN/Bloomington/2538-N-Mount-Gilead-Rd-47408/home/136158821,IRMLS,202323552,N,Y,39.1900799,-86.4487566
MLS Listing,,Vacant Land,3519 E Boltinghouse Rd,Bloomington,IN,47408,389000,,,No Subdivision,,1742400,,102,,,Active,,,https://www.redfin.com/IN/Bloomington/3519-E-Boltinghouse-Rd-47408/home/185749280,MIBOR as Distributed by MLS Grid,21926682,N,Y,39.2335106,-86.4773134
MLS Listing,,Single Family Residential,4399 N Forbes Dr,Bloomington,IN,47408,589000,3,2.5,Lynwood,2296,1008414,1986,104,257,,Active,,,https://www.redfin.com/IN/Bloomington/4399-N-Forbes-Dr-47408/home/136705429,IRMLS,202319719,N,Y,39.214162,-86.4990894
MLS Listing,,Single Family Residential,3275 S Knightridge Rd,Bloomington,IN,47401,300000,2,2.5,,1511,105851,1941,107,199,,Active,,,https://www.redfin.com/IN/Bloomington/3275-S-Knightridge-Rd-47401/home/136218156,IRMLS,202322809,N,Y,39.1334317,-86.4523997
MLS Listing,,Vacant Land,5349 Greene County Line Rd,Solsberry,IN,47459,415000,,,,,1772456,,108,,,Active,,,https://www.redfin.com/IN/Solsberry/5349-Greene-County-Line-Rd-47459/home/180673016,IRMLS,202319147,N,Y,39.103848,-86.6831739
MLS Listing,,Multi-Family (2-4 Unit),704 W 15th St,Bloomington,IN,47404,500000,8,4.0,,2832,7405,1992,108,177,,Active,,,https://www.redfin.com/IN/Bloomington/704-W-15th-St-47404/home/136348472,IRMLS,202322468,N,Y,39.1768728,-86.5414284
MLS Listing,,Single Family Residential,2425 E Canada Dr,Bloomington,IN,47401,549900,5,3.5,Canada Park,3820,10454,1999,111,144,,Active,,,https://www.redfin.com/IN/Bloomington/2425-E-Canada-Dr-47401/home/136388201,IRMLS,202322131,N,Y,39.1275403,-86.508399
MLS Listing,,Single Family Residential,925 S Highland Ave,Bloomington,IN,47401,795000,2,2.0,Maxwell Manors,2430,28750,1941,111,327,,Active,,,https://www.redfin.com/IN/Bloomington/925-S-Highland-Ave-47401/home/136638061,IRMLS,202322069,N,Y,39.1563608,-86.5176747
MLS Listing,,Mobile/Manufactured Home,4500 S Dunlap Rd,Bloomington,IN,47403,125000,2,1.0,,910,62291,1989,112,137,,Active,,,https://www.redfin.com/IN/Bloomington/4500-S-Dunlap-Rd-47403/home/136421715,IRMLS,202320197,N,Y,39.1153936,-86.6195733
MLS Listing,,Vacant Land,11.35AC S Shady Side Dr,Bloomington,IN,47401,249000,,,,,494406,,114,,74,Active,,,https://www.redfin.com/IN/Clear-Creek-Township/11-35AC-Shady-Side-Dr-47401/home/179913449,IRMLS,202305392,N,Y,39.06338442,-86.46152781
MLS Listing,,Other,1600 W 3rd St,Bloomington,IN,47404,1100000,,,Bloomington,,83940,,117,,,Active,,,https://www.redfin.com/IN/Bloomington/1600-W-3rd-St-47404/home/185826618,MIBOR as Distributed by MLS Grid,21927701,N,Y,39.1651188,-86.552946
MLS Listing,,Single Family Residential,915 E 1st St,Bloomington,IN,47401,510000,3,2.0,,2306,3485,1930,122,221,,Active,,,https://www.redfin.com/IN/Bloomington/915-E-1st-St-47401/home/136611571,IRMLS,202320555,N,Y,39.1594862,-86.5231209
MLS Listing,,Single Family Residential,1238 S Curry Pike,Bloomington,IN,47403,439000,3,2.5,,1976,14680,2023,123,222,,Active,,,https://www.redfin.com/IN/Bloomington/1238-S-Curry-Pike-47403/home/136381459,IRMLS,202316108,N,Y,39.155339,-86.583041
MLS Listing,,Vacant Land,4800 N Andover (off Liverpool) Ct,Bloomington,IN,47404,174900,,,Northwest Monroe County,,492664,,125,,,Active,,,https://www.redfin.com/IN/Bloomington/4800-N-Andover-off-Liverpool-CT-Unknown/home/185742997,IRMLS,202320049,N,Y,39.21436,-86.57033799
MLS Listing,,Single Family Residential,3452 E Maritime Ct,Bloomington,IN,47401,1275000,5,4.5,Terra Cove Estates,6050,43996,2007,125,211,38,Active,,,https://www.redfin.com/IN/Bloomington/3452-E-Maritime-Ct-47401/home/136619740,IRMLS,202319909,N,Y,39.1317862,-86.492192
MLS Listing,,Single Family Residential,4903 E Cedar Crest Dr,Bloomington,IN,47401,425000,4,2.5,Edge Wood Hill(s) / Edgewood Hil,2531,28750,1972,127,168,,Active,,,https://www.redfin.com/IN/Bloomington/4903-E-Cedar-Crest-Dr-47401/home/136330942,IRMLS,202316913,N,Y,39.1628127,-86.4662222
MLS Listing,,Single Family Residential,5112 N Echo Bnd,Bloomington,IN,47404,375000,4,4.0,Autumn Grove,3386,13068,1991,127,111,,Active,,,https://www.redfin.com/IN/Bloomington/5112-N-Echo-Bnd-47404/home/136378020,IRMLS,202315362,N,Y,39.222679,-86.5941035
MLS Listing,,Single Family Residential,1123 W 11th St,Bloomington,IN,47404,485000,3,1.0,Northwest Bloomington City,832,30492,1920,128,583,,Active,,,https://www.redfin.com/IN/Bloomington/1123-W-11th-St-47404/home/136437945,IRMLS,202318009,N,Y,39.1730847,-86.5478186
MLS Listing,,Single Family Residential,1715 W Ezekiel Dr,Bloomington,IN,47403,479000,3,3.0,Summit Woods,1936,8712,2023,130,247,,Active,,,https://www.redfin.com/IN/Bloomington/1715-W-Ezekiel-Dr-47403/home/168303464,IRMLS,202316513,N,Y,39.14152,-86.556631
MLS Listing,,Single Family Residential,7612 N Saddle Gate Dr,Bloomington,IN,47404,509000,3,2.5,Subdivision Not Available See Legal,2244,11543,2023,131,227,21,Active,,,https://www.redfin.com/IN/Bloomington/7612-W-Saddle-Gate-DR-Unknown/home/187577471,MIBOR as Distributed by MLS Grid,21925292,N,Y,39.2152,-86.5819
MLS Listing,,Vacant Land,S Ketcham Rd,Bloomington,IN,47403,35000,,,,,108900,,131,,,Active,,,https://www.redfin.com/IN/Bloomington/S-Ketcham-Rd-47403/home/136322534,IRMLS,202318907,N,Y,39.064501,-86.563515
MLS Listing,,Vacant Land,7789 E Lampkins Ridge Rd,Bloomington,IN,47401,499000,,,,,747490,,131,,,Active,,,https://www.redfin.com/IN/Bloomington/7789-E-Lampkins-Ridge-Rd-47401/home/136306785,IRMLS,202315084,N,Y,39.1445302,-86.4097729
MLS Listing,,Vacant Land,2302 S Sunday Dr,Bloomington,IN,47403,115000,,,,,111078,,132,,,Active,,,https://www.redfin.com/IN/Bloomington/2302-S-Sunday-Dr-47403/home/136637587,IRMLS,202318755,N,Y,39.066107,-86.5578139
MLS Listing,,Vacant Land,2101 W Dowden Creed Rd,Bloomington,IN,47403,86900,,,Ketcham Ridge,,114563,,136,,,Active,,,https://www.redfin.com/IN/Bloomington/2101-W-Dowden-Creek-Rd-47403/home/136215970,IRMLS,202316906,N,Y,39.072102,-86.556833
MLS Listing,,Vacant Land,2215 S Sunday Dr,Bloomington,IN,47403,88374,,,,,109771,,137,,,Active,,,https://www.redfin.com/IN/Bloomington/2215-S-Sunday-Dr-47403/home/136586132,IRMLS,202313717,N,Y,39.0684309,-86.558154
MLS Listing,,Vacant Land,2133 Cole Ct,Bloomington,IN,47403,96305,,,,,149411,,137,,,Active,,,https://www.redfin.com/IN/Bloomington/2133-W-Cole-Ct-47403/home/136643296,IRMLS,202313724,N,Y,39.0689694,-86.5583883
MLS Listing,,Vacant Land,7115 S National Point Rd,Bloomington,IN,47403,86900,,,Ketcham Ridge,,151153,,137,,,Active,,,https://www.redfin.com/IN/Bloomington/7115-S-National-Point-Rd-47403/home/136393182,IRMLS,202316904,N,Y,39.076026,-86.555389
MLS Listing,,Vacant Land,2102 S Sunday Dr,Bloomington,IN,47403,85696,,,,,108900,,138,,,Active,,,https://www.redfin.com/IN/Bloomington/2102-S-Sunday-Dr-47403/home/136150670,IRMLS,202313719,N,Y,39.070506,-86.558474
MLS Listing,,Single Family Residential,823 S Fess Ave,Bloomington,IN,47401,649900,4,2.5,Southeast Bloomington City,2074,15246,1930,139,313,,Active,,,https://www.redfin.com/IN/Bloomington/823-S-Fess-Ave-47401/home/136642188,IRMLS,202317411,N,Y,39.1583074,-86.5256951
MLS Listing,,Single Family Residential,3561 E Stipp Rd,Bloomington,IN,47401,364750,3,2.0,,1923,108900,1943,143,190,,Active,,,https://www.redfin.com/IN/Bloomington/3561-E-Stipp-Rd-47401/home/136173077,IRMLS,202317436,N,Y,39.1003536,-86.4930805
MLS Listing,,Mobile/Manufactured Home,708 Lot 86 S Cory Ln,Bloomington,IN,47403,129000,3,2.0,Shady Acres,1680,4356,1991,143,77,285,Active,,,https://www.redfin.com/IN/Bloomington/708-S-Cory-Ln-47403/unit-86/home/136503928,MIBOR as Distributed by MLS Grid,21923130,N,Y,39.1605858,-86.5602812
MLS Listing,,Single Family Residential,8680 S Strain Ridge Rd,Bloomington,IN,47401,4500000,3,2.0,No Subdivision,2528,9989615,1899,145,1780,,Active,,,https://www.redfin.com/IN/Bloomington/8680-S-Strain-Ridge-Rd-47401/home/185390309,MIBOR as Distributed by MLS Grid,21921905,N,Y,39.0440344,-86.5215353
MLS Listing,,Other,2113 S Rogers St,Bloomington,IN,47403,1250000,0,,No Subdivision,,5,,145,,,Active,,,https://www.redfin.com/IN/Bloomington/2113-S-Rogers-St-47403/home/136456407,MIBOR as Distributed by MLS Grid,21877172,N,Y,39.1441411,-86.5368127
MLS Listing,,Vacant Land,2149 W Dowden Creek Rd,Bloomington,IN,47403,86900,,,Ketcham Ridge,,132858,,145,,,Active,,,https://www.redfin.com/IN/Bloomington/2149-W-Dowden-Creek-Rd-47403/home/136363410,IRMLS,202316903,N,Y,39.071587,-86.559136
MLS Listing,,Single Family Residential,6176 S Fairfax Rd,Bloomington,IN,47401,169000,3,2.0,,1782,21780,2004,149,95,,Active,,,https://www.redfin.com/IN/Bloomington/6176-S-Fairfax-Rd-47401/home/136496950,IRMLS,202313276,N,Y,39.0822323,-86.5162539
MLS Listing,,Single Family Residential,3811 S Claybridge Dr,Bloomington,IN,47401,379900,4,2.5,,2072,5227,2000,149,183,,Active,,,https://www.redfin.com/IN/Bloomington/3811-S-Claybridge-Dr-47401/home/136626302,IRMLS,202315115,N,Y,39.1264313,-86.5064951
MLS Listing,,Vacant Land,2214 E Maxwell Ln,Bloomington,IN,47401,275000,,,,,26572,,150,,,Active,,,https://www.redfin.com/IN/Bloomington/2214-E-Maxwell-Ln-47401/home/179911866,IRMLS,202316227,N,Y,39.15738,-86.506257
MLS Listing,,Vacant Land,0 W Hendricks Rd,Bloomington,IN,47403,474900,,,No Subdivision,,3876840,,151,,,Active,,,https://www.redfin.com/IN/Bloomington/W-Hendricks-Rd-47403/home/136430452,MIBOR as Distributed by MLS Grid,21921864,N,Y,39.15893,-86.647226
MLS Listing,,Single Family Residential,4144 S Purple Finch Dr,Bloomington,IN,47403,650000,4,3.5,Eagle View / Eagleview,4335,14810,2005,152,150,,Active,,,https://www.redfin.com/IN/Bloomington/4144-S-Purple-Finch-Dr-47403/home/136431875,IRMLS,202315972,N,Y,39.120557,-86.5508951
MLS Listing,,Vacant Land,6233 W State Road 45 Rd,Bloomington,IN,47403,1295000,,,,,1673140,,152,,,Active,,,https://www.redfin.com/IN/Bloomington/6233-State-Road-45-47404/home/185435395,IRMLS,202315914,N,Y,39.1871422,-86.5580413
MLS Listing,,Single Family Residential,909 W 11th St,Bloomington,IN,47404,184950,3,1.0,,1078,5227,1900,155,172,,Active,,,https://www.redfin.com/IN/Bloomington/909-W-11th-St-47404/home/164351051,IRMLS,202312353,N,Y,39.1731132,-86.544663
MLS Listing,,Vacant Land,9 acres +/- S Wever Rd,Bloomington,IN,47403,82000,,,,,426888,,156,,,Active,,,https://www.redfin.com/IN/Bloomington/9-acres-Weaver-Rd-47403/home/185401021,IRMLS,202315372,N,Y,38.9995016,-86.6619678
MLS Listing,,Single Family Residential,4808 S Harrell Rd,Bloomington,IN,47401,359900,3,2.0,Southeast Monroe County,1425,43560,1967,162,253,,Active,,,https://www.redfin.com/IN/Bloomington/4808-S-Harrell-Rd-47401/home/136498656,IRMLS,202310970,N,Y,39.1095311,-86.5004048
MLS Listing,,Vacant Land,2116 Selc Ct,Bloomington,IN,47403,93730,,,,,116305,,166,,,Active,,,https://www.redfin.com/IN/Bloomington/2116-W-Selc-Ct-47403/home/136249844,IRMLS,202313722,N,Y,39.064862,-86.559316
MLS Listing,,Vacant Land,2005 Selc Ct,Bloomington,IN,47403,93730,,,,,111078,,166,,,Active,,,https://www.redfin.com/IN/Bloomington/2005-W-Selc-Ct-47403/home/136135786,IRMLS,202313720,N,Y,39.064188,-86.557032
MLS Listing,,Vacant Land,2232 S Sunday Dr,Bloomington,IN,47403,91052,,,,,115870,,166,,,Active,,,https://www.redfin.com/IN/Bloomington/2232-S-Sunday-Dr-47403/home/136642594,IRMLS,202313721,N,Y,39.066998,-86.55953
MLS Listing,,Vacant Land,4695 E Stipp Rd,Bloomington,IN,47401,115000,,,No Subdivision,,294466,,168,,,Active,,,https://www.redfin.com/IN/Bloomington/4695-E-Stipp-Rd-47401/home/136320450,MIBOR as Distributed by MLS Grid,21917501,N,Y,39.100325,-86.4684599
MLS Listing,,Single Family Residential,5802 S Ornamental Dr,Bloomington,IN,47401,569000,4,3.5,Dogwood Estates,3251,62726,1999,170,175,,Active,,,https://www.redfin.com/IN/Bloomington/5802-S-Ornamental-Dr-47401/home/136558423,IRMLS,202313250,N,Y,39.0937438,-86.5043725
MLS Listing,,Vacant Land,1436 S Bridwell Ct,Bloomington,IN,47401,59500,,,Gentry East,,13068,,170,,16,Active,,,https://www.redfin.com/IN/Bloomington/1436-S-Bridwell-Ct-47401/home/136399328,IRMLS,202313227,N,Y,39.153251,-86.46435
MLS Listing,,Single Family Residential,4123 W Carmola Dr,Bloomington,IN,47404,579000,3,3.5,Glen Meadows,1848,15682,2023,171,313,,Active,,,https://www.redfin.com/IN/Bloomington/4123-W-Carmola-Dr-47404/home/136144234,IRMLS,202313118,N,Y,39.2044192,-86.5896504
MLS Listing,,Ranch,9051 E State Road 46,Bloomington,IN,47401,350000,2,2.0,No Subdivision,1505,600256,1984,172,233,,Active,,,https://www.redfin.com/IN/Bloomington/9051-E-State-Road-46-Byp-47401/home/182636833,MIBOR as Distributed by MLS Grid,21910017,N,Y,39.153414,-86.388253
MLS Listing,,Single Family Residential,301 S Pleasant Ridge Rd,Bloomington,IN,47401,799000,3,3.5,Hoosier Acres,3601,50530,1956,173,222,,Active,,,https://www.redfin.com/IN/Bloomington/301-S-Pleasant-Ridge-Rd-47401/home/136464076,IRMLS,202309546,N,Y,39.163597,-86.488875
MLS Listing,,Vacant Land,1017 E Erin Ct,Bloomington,IN,47401,99900,,,Walnut Creek,,12197,,173,,,Active,,,https://www.redfin.com/IN/Bloomington/1017-E-Erin-Ct-47401/home/185223625,IRMLS,202312782,N,Y,39.1437871,-86.5203289
MLS Listing,,Single Family Residential,7235 S Lodge Rd,Bloomington,IN,47403,675000,4,3.5,,4808,247856,2004,174,140,,Active,,,https://www.redfin.com/IN/Bloomington/7235-S-Lodge-Rd-47403/home/136421869,IRMLS,202311989,N,Y,39.0724067,-86.5806444
MLS Listing,,Single Family Residential,918 W Cottage Grove Ave,Bloomington,IN,47404,344500,5,2.0,,1808,10890,2000,176,191,,Active,,,https://www.redfin.com/IN/Bloomington/918-W-Cottage-Grove-Ave-47404/home/164351328,IRMLS,202312451,N,Y,39.1727897,-86.5447025
MLS Listing,,Single Family Residential,4726 N Triple Crown Dr,Bloomington,IN,47404,629900,4,3.5,Charlestowne Manor,3484,20299,2022,178,181,25,Active,,,https://www.redfin.com/IN/Bloomington/4726-N-Triple-Crown-Dr-47404/home/179918893,IRMLS,202312215,N,Y,39.219205,-86.605262
MLS Listing,,Vacant Land,2105 S Rogers St,Bloomington,IN,47403,79900,,,Southeast Bloomington City,,13068,,179,,,Active,,,https://www.redfin.com/IN/Bloomington/2105-S-Rogers-St-47403/home/136517782,IRMLS,202308864,N,Y,39.144654,-86.537667
MLS Listing,,Single Family Residential,9030 W State Road 48,Bloomington,IN,47403,649900,5,5.5,,2616,148104,1869,181,248,,Active,,,https://www.redfin.com/IN/Bloomington/9030-W-State-Road-48-47404/home/136411472,IRMLS,202311539,N,Y,39.1691728,-86.6653976
MLS Listing,,Single Family Residential,1266 E Short St,Bloomington,IN,47401,530000,4,3.5,Bloomington Cohousing,1770,3049,2022,184,299,150,Active,,,https://www.redfin.com/IN/Bloomington/1266-E-Short-St-47401/home/175235134,IRMLS,202311199,N,Y,39.143676,-86.515368
MLS Listing,,Single Family Residential,1105 N Oolitic Dr,Bloomington,IN,47404,215000,1,1.0,,1905,44867,1930,188,113,,Active,,,https://www.redfin.com/IN/Bloomington/1105-N-Oolitic-Dr-47404/home/164348682,IRMLS,202310597,N,Y,39.1768165,-86.5537372
MLS Listing,,Single Family Residential,3936 W Ashbrook Ln,Bloomington,IN,47404,459900,3,2.5,Ellis Ridge,1909,11761,2023,188,241,21,Active,,,https://www.redfin.com/IN/Bloomington/3936-W-Ashbrook-Ln-47404/home/184844989,IRMLS,202308899,N,Y,39.213423,-86.584185
MLS Listing,,Vacant Land,616 W 15th St,Bloomington,IN,47404,85000,,,,,9583,,193,,,Active,,,https://www.redfin.com/IN/Bloomington/616-W-15th-St-47404/home/136397659,IRMLS,202307391,N,Y,39.1775804,-86.5403139
MLS Listing,,Single Family Residential,1420 S Valley Forge Rd,Bloomington,IN,47401,1000000,3,4.0,Ridgemede,5902,65340,1986,194,169,,Active,,,https://www.redfin.com/IN/Bloomington/1420-S-Valley-Forge-Rd-47401/home/136548420,IRMLS,202309912,N,Y,39.1510454,-86.5034842
MLS Listing,,Single Family Residential,4651 S Abington Ave,Bloomington,IN,47403,531000,3,3.0,Southern Meadows,2275,11761,2023,196,233,,Active,,,https://www.redfin.com/IN/Bloomington/4651-S-Abington-AVE-47403/home/184920592,IRMLS,202309659,N,Y,39.0841668,-86.6006249
MLS Listing,,Single Family Residential,1262 E Short St,Bloomington,IN,47401,450000,3,2.0,Bloomington Cohousing,1310,3049,2022,196,344,150,Active,,,https://www.redfin.com/IN/Bloomington/1262-E-Short-St-47401/home/175235133,IRMLS,202308587,N,Y,39.1437968,-86.5153929
MLS Listing,,Vacant Land,1004 N Jackson St,Bloomington,IN,47404,85000,,,,,9583,,197,,,Active,,,https://www.redfin.com/IN/Bloomington/1004-N-Jackson-St-47404/home/136306031,IRMLS,202307389,N,Y,39.1768655,-86.5394658
MLS Listing,,Single Family Residential,1278 E Short St,Bloomington,IN,47401,530000,4,3.5,Bloomington Cohousing,1770,3049,2022,198,299,150,Active,,,https://www.redfin.com/IN/Bloomington/1278-E-Short-St-47401/home/175235138,IRMLS,202308581,N,Y,39.143441,-86.515358
MLS Listing,,Single Family Residential,3533 S Wickens St,Bloomington,IN,47403,599900,5,4.0,Highland(s),4395,8276,2023,203,136,,Active,,,https://www.redfin.com/IN/Bloomington/3533-S-Wickens-St-47403/home/136555132,IRMLS,202306066,N,Y,39.1286395,-86.5522755
MLS Listing,,Vacant Land,4529 E Falls Creek Dr,Bloomington,IN,47401,80000,,,Cedar Springs,,15246,,205,,25,Active,,,https://www.redfin.com/IN/Bloomington/4529-E-Falls-Creek-Dr-47401/home/136249806,MIBOR as Distributed by MLS Grid,21906675,N,Y,39.163053,-86.470925
MLS Listing,,Single Family Residential,1270 E Short St,Bloomington,IN,47401,500000,4,3.0,Bloomington Cohousing,1645,3049,2023,205,304,150,Active,,,https://www.redfin.com/IN/Bloomington/1270-E-Short-St-47401/home/175235135,IRMLS,202308586,N,Y,39.143597,-86.51537
MLS Listing,,Single Family Residential,3275 N Ramble Road Rd W,Bloomington,IN,47408,539900,4,3.5,Blue Ridge Estates,3746,28314,1985,205,144,,Active,,,https://www.redfin.com/IN/Bloomington/3275-N-Ramble-Rd-W-47408/home/136209702,IRMLS,202308588,N,Y,39.2050859,-86.5337353
MLS Listing,,Single Family Residential,8023 S Rockport Rd,Bloomington,IN,47403,595000,3,2.0,,1616,1742400,1968,210,368,,Active,,,https://www.redfin.com/IN/Bloomington/8023-S-Rockport-Rd-47403/home/136323746,IRMLS,202307971,N,Y,39.0459052,-86.6081303
MLS Listing,,Single Family Residential,4779 S Abington Ave,Bloomington,IN,47403,481000,4,3.0,Southern Meadows,2536,10019,2023,215,190,,Active,,,https://www.redfin.com/IN/Bloomington/4779-S-Abington-AVE-47403/home/184707907,IRMLS,202307410,N,Y,39.0841668,-86.6006249
MLS Listing,,Vacant Land,5806 N Shire Glen (lot 8) Dr,Bloomington,IN,47408,149900,,,Shire Glen,,114563,,222,,,Active,,,https://www.redfin.com/IN/Bloomington/5806-N-Shire-Glen-Dr-47408/home/136164238,IRMLS,202305548,N,Y,39.237436,-86.512651
MLS Listing,,Single Family Residential,1508 W 11th St,Bloomington,IN,47404,275000,3,2.0,,1400,8712,2023,225,196,,Active,,,https://www.redfin.com/IN/Bloomington/1508-W-11th-St-47404/home/136498675,IRMLS,202305085,N,Y,39.1734877,-86.5532221
MLS Listing,,Vacant Land,2110 E Guinness (lot 7) Ct,Bloomington,IN,47408,149900,,,Shire Glen,,117176,,230,,,Active,,,https://www.redfin.com/IN/Bloomington/2110-E-Guinness-lot-7-CT-47408/home/179912321,IRMLS,202305551,N,Y,39.237708,-86.51159401
MLS Listing,,Single Family Residential,9674 W SR 48,Bloomington,IN,47404,99000,2,1.0,,504,50530,1960,233,196,,Active,,,https://www.redfin.com/IN/Bloomington/9674-W-State-Road-48-47404/home/184506245,IRMLS,202305302,N,Y,39.1711511,-86.6795648
MLS Listing,,Vacant Land,907 N Oolitic Dr,Bloomington,IN,47404,180000,,,,,24437,,234,,,Active,,,https://www.redfin.com/IN/Bloomington/907-N-Oolitic-Dr-47404/home/136372878,IRMLS,202305181,N,Y,39.175484,-86.553974
MLS Listing,,Other,700 S College Ave,Bloomington,IN,47403,4299000,,,Seminary Place,,48788,,234,,,Active,,,https://www.redfin.com/IN/Bloomington/700-S-College-Ave-47403/home/184471773,MIBOR as Distributed by MLS Grid,21907437,N,Y,39.1578533,-86.5356347
MLS Listing,,Vacant Land,7601 W Saddle Gate Dr,Bloomington,IN,47404,75000,,,Barberry Lake Estates,,13721,,235,,21,Active,,,https://www.redfin.com/IN/Bloomington/7601-N-Gates-Dr-47404/home/184440580,IRMLS,202305029,N,Y,39.1683439,-86.5764216
MLS Listing,,Vacant Land,0 E ST Rd 45 Rd,Bloomington,IN,47408,379900,,,,,3284424,,240,,,Active,,,https://www.redfin.com/IN/Bloomington/Unknown-47408/home/186308853,IRMLS,202304599,N,Y,39.2052629,-86.4632929
MLS Listing,,Vacant Land,1794 N Hartstrait Rd,Bloomington,IN,47404,139000,,,,,243500,,251,,,Active,,,https://www.redfin.com/IN/Bloomington/1794-N-Hartstrait-Rd-47404/home/136626431,IRMLS,202303382,N,Y,39.1838229,-86.609998
MLS Listing,,Vacant Land,2455 E Gramercy Park Dr,Bloomington,IN,47408,199000,,,Gramercy Park,,63162,,251,,,Active,,,https://www.redfin.com/IN/Bloomington/2455-E-Gramercy-Park-Dr-47408/home/136639763,MIBOR as Distributed by MLS Grid,21904649,N,Y,39.210985,-86.507539
MLS Listing,,Vacant Land,3470 E Terra Cove Ct,Bloomington,IN,47401,300000,,,Terra Cove Estates,,71003,,251,,42,Active,,,https://www.redfin.com/IN/Bloomington/3470-E-Terra-Cove-Ct-47401/home/136543597,IRMLS,202303309,N,Y,39.134186,-86.490111
MLS Listing,,Vacant Land,2610 W Donegal (lot 17) Ct,Bloomington,IN,47404,87900,,,Muirfield,,82764,,257,,,Active,,,https://www.redfin.com/IN/Bloomington/2610-W-Donegal-lot-17-CT-Unknown/home/179909579,IRMLS,202300546,N,Y,39.21696899,-86.57316001
MLS Listing,,Single Family Residential,4656 S Abington Ave,Bloomington,IN,47403,585000,4,3.0,Southern Meadows,2585,10149,2023,262,226,,Active,October-15-2023 12:00 PM,October-15-2023 05:00 PM,https://www.redfin.com/IN/Bloomington/4656-S-Abington-AVE-47403/home/183753652,IRMLS,202300855,N,Y,39.0841668,-86.6006249
MLS Listing,,Single Family Residential,6828 State Road 45,Unionville,IN,47468,1350000,4,5.5,No Subdivision,4185,5046426,1969,262,323,,Active,,,https://www.redfin.com/IN/Unionville/6828-IN-45-47468/home/136385258,MIBOR as Distributed by MLS Grid,21902844,N,Y,39.221942,-86.441085
MLS Listing,,Other,0 Gifford Rd W,Bloomington,IN,47403,1600000,0,,No,,1659243,,262,,,Active,,,https://www.redfin.com/IN/Bloomington/W-Gifford-Rd-47403/home/136134793,MIBOR as Distributed by MLS Grid,21900468,N,Y,39.155844,-86.587978
MLS Listing,,Vacant Land,5000 N Muirfield (lot 55) Dr,Bloomington,IN,47404,67900,,,Muirfield,,46609,,262,,,Active,,,https://www.redfin.com/IN/Bloomington/5000-N-Muirfield-Dr-47404/home/136449106,IRMLS,202300545,N,Y,39.217836,-86.571472
MLS Listing,,Single Family Residential,6828 E State Road 45,Bloomington,IN,47408,1350000,4,5.5,,4185,5046426,1969,263,323,,Active,,,https://www.redfin.com/IN/Bloomington/6828-E-State-Rd-45-47408/home/179904381,IRMLS,202302192,N,Y,39.2184826,-86.4467509
MLS Listing,,Single Family Residential,4772 S Lake Forest Dr,Bloomington,IN,47401,1350000,4,5.5,Sterling Woods,8151,72310,2006,269,166,,Active,,,https://www.redfin.com/IN/Bloomington/4772-S-Lake-Forest-Dr-47401/home/136274337,IRMLS,202250022,N,Y,39.112919,-86.479756
MLS Listing,,Vacant Land,8828 S Morrison Ct,Bloomington,IN,47401,79500,,,Pointe Pointe Cove,,21344,,272,,96,Active,,,https://www.redfin.com/IN/Bloomington/8828-Morrison-Ct-47401/home/136319784,IRMLS,202301262,N,Y,39.032752,-86.504254
MLS Listing,,Condo/Co-op,4216 S Red Pine Dr,Bloomington,IN,47401,463900,3,2.0,Derby Pines,2106,6098,2022,278,220,100,Active,,,https://www.redfin.com/IN/Bloomington/4216-S-Red-Pine-DR-Unknown/home/183733263,IRMLS,202300712,N,Y,39.165325,-86.5263857
MLS Listing,,Vacant Land,5008 N Muirfield (lot 56) Dr,Bloomington,IN,47404,67900,,,Muirfield,,45302,,280,,,Active,,,https://www.redfin.com/IN/Bloomington/5008-N-Muirfield-Dr-47404/home/136587156,IRMLS,202300544,N,Y,39.218061,-86.5719
MLS Listing,,Single Family Residential,3410 S Forrester St,Bloomington,IN,47401,925000,3,2.5,Verona Park,2746,8276,2022,302,337,,Active,,,https://www.redfin.com/IN/Bloomington/3410-S-Forrester-St-47401/home/168295801,IRMLS,202234611,N,Y,39.134421,-86.496564
MLS Listing,,Single Family Residential,4937 E Ridgewood Dr,Bloomington,IN,47401,625000,4,4.5,Edge Wood Hill(s) / Edgewood Hil,3770,29621,1996,318,166,,Active,,,https://www.redfin.com/IN/Bloomington/4937-E-Ridgewood-Dr-47401/home/136455111,IRMLS,202240545,N,Y,39.1641351,-86.4602957
MLS Listing,,Single Family Residential,4285 N Hull Dr,Bloomington,IN,47404,461000,4,3.5,Highland Park Estates,2555,9148,2022,332,180,,Active,,,https://www.redfin.com/IN/Bloomington/4285-N-Hull-Dr-47404/home/180267408,IRMLS,202243057,N,Y,39.2142989,-86.581142
MLS Listing,,Single Family Residential,1010 S Grant St,Bloomington,IN,47401,320000,4,3.5,,3556,13939,1910,352,90,,Active,,,https://www.redfin.com/IN/Bloomington/1010-S-Grant-St-47401/home/136357116,IRMLS,202243550,N,Y,39.1547925,-86.5304605
MLS Listing,,Single Family Residential,621 N Adams St,Bloomington,IN,47404,155000,3,1.0,Northwest Bloomington City,1090,6098,1920,354,142,,Active,,,https://www.redfin.com/IN/Bloomington/621-N-Adams-St-47404/home/136223366,IRMLS,202244439,N,Y,39.1721353,-86.5500274
MLS Listing,,Vacant Land,TBD E Woodview Dr,Bloomington,IN,47401,69900,,,Woodview Hills,,43560,,361,,,Active,,,https://www.redfin.com/IN/Bloomington/TBD-E-Woodview-Dr-47401/home/182375379,IRMLS,202243393,N,Y,39.1505631,-86.3836391
MLS Listing,,Single Family Residential,8511 N Norm Anderson Rd,Bloomington,IN,47404,349900,3,2.0,,1344,160736,1973,368,260,,Active,,,https://www.redfin.com/IN/Bloomington/8511-N-Norm-Anderson-Rd-47404/home/136641811,IRMLS,202242386,N,Y,39.2948824,-86.5192139
MLS Listing,,Single Family Residential,422 W That Rd,Bloomington,IN,47403,601500,4,4.0,Southern Meadows,2850,13504,2022,372,211,,Active,,,https://www.redfin.com/IN/Bloomington/422-W-That-Rd-47403/home/182101498,IRMLS,202241999,N,Y,39.114671,-86.5382282
MLS Listing,,Vacant Land,2750 S Sare Rd,Bloomington,IN,47401,229000,,,,,125017,,372,,,Active,,,https://www.redfin.com/IN/Bloomington/2750-S-Sare-Rd-47401/home/136586435,IRMLS,202113156,N,Y,39.1433245,-86.4971475
MLS Listing,,Single Family Residential,2403 E Gramercy Park Dr,Bloomington,IN,47408,1149000,5,4.5,Gramercy Park,5603,54014,2016,391,205,50,Active,,,https://www.redfin.com/IN/Bloomington/2403-E-Gramercy-Park-Dr-47408/home/136521963,IRMLS,202239075,N,Y,39.2108314,-86.5080635
MLS Listing,,Vacant Land,2811 E Geneva Cir,Bloomington,IN,47401,199900,,,Verona Park,,27007,,408,,42,Active,,,https://www.redfin.com/IN/Bloomington/2811-E-Geneva-Cir-47401/home/168295795,IRMLS,202236779,N,Y,39.134513,-86.495617
MLS Listing,,Vacant Land,2826 E Geneva Cir,Bloomington,IN,47401,199900,,,Verona Park,,30056,,408,,42,Active,,,https://www.redfin.com/IN/Bloomington/2826-E-Geneva-Cir-47401/home/168295797,IRMLS,202236767,N,Y,39.134048,-86.4961019
MLS Listing,,Vacant Land,1620 S Hathaway Ct,Bloomington,IN,47401,117000,,,Renwick,,6098,,411,,36,Active,,,https://www.redfin.com/IN/Bloomington/1620-S-Hathaway-Ct-47401/home/143919788,IRMLS,202236175,N,Y,39.148458,-86.502111
MLS Listing,,Vacant Land,1508 S Hathaway Ct,Bloomington,IN,47401,129000,,,Renwick,,5663,,411,,36,Active,,,https://www.redfin.com/IN/Bloomington/1508-S-Hathaway-Ct-47401/home/136871297,IRMLS,202236174,N,Y,39.150186,-86.503325
MLS Listing,,Vacant Land,1502 S Hathaway Ct,Bloomington,IN,47401,115000,,,Renwick,,9583,,414,,36,Active,,,https://www.redfin.com/IN/Bloomington/1502-S-Hathaway-Ct-47401/home/136871284,IRMLS,202231576,N,Y,39.150322,-86.503274
MLS Listing,,Multi-Family (2-4 Unit),"2430, 2434,2436 S Rockport Rd Unit 2430, 2434, 2436",Bloomington,IN,47403,588500,9,4.0,,3950,89298,1953,425,149,,Active,,,https://www.redfin.com/IN/Bloomington/2436-S-Rockport-Rd-47403/unit-2430-2434-2436/home/181076472,IRMLS,202234160,N,Y,39.142004,-86.5433073
MLS Listing,,Mobile/Manufactured Home,2050 E Green St,Bloomington,IN,47401,299900,3,2.0,,1560,52272,1994,445,192,,Active,,,https://www.redfin.com/IN/Bloomington/2050-E-Green-St-47401/home/136640578,IRMLS,202231111,N,Y,39.0662621,-86.5089082
MLS Listing,,Vacant Land,3517 E Harbor Dr,Bloomington,IN,47401,67500,,,Harbor Hill,,46174,,455,,,Active,,,https://www.redfin.com/IN/Bloomington/3517-E-Harbor-Dr-47401/home/136259737,IRMLS,201936467,N,Y,39.034659,-86.4884639
MLS Listing,,Single Family Residential,3118 S Hoff Ln,Bloomington,IN,47403,775000,4,4.0,,2425,203425,2022,457,320,,Active,October-15-2023 12:30 PM,October-15-2023 03:00 PM,https://www.redfin.com/IN/Bloomington/3118-S-Hoff-Ln-47403/home/136217454,IRMLS,202229193,N,Y,39.138142,-86.644746
MLS Listing,,Vacant Land,5474 E Crop Cir,Bloomington,IN,47403,90000,,,Farmers Field,,64033,,461,,,Active,,,https://www.redfin.com/IN/Bloomington/5474-S-Crop-Cir-47403/home/136649192,IRMLS,202107347,N,Y,39.103958,-86.565243
MLS Listing,,Vacant Land,TBD S Harmony Rd,Bloomington,IN,47403,169900,,,,,482209,,470,,,Active,,,https://www.redfin.com/IN/Unknown/TBD-S-Harmony-Rd-47403/home/179904301,IRMLS,202220258,N,Y,39.07810374,-86.62949836
MLS Listing,,Single Family Residential,4801 S Abington Ave,Bloomington,IN,47403,436000,3,2.0,Southern Meadows,1798,10890,2021,480,242,,Active,October-15-2023 12:00 PM,October-15-2023 05:00 PM,https://www.redfin.com/IN/Bloomington/4801-S-Abington-47403/home/183029924,IRMLS,202138123,N,Y,39.114616,-86.539497
MLS Listing,,Single Family Residential,1829 S Maxwell St,Bloomington,IN,47401,399900,2,1.0,,840,42689,1952,483,476,,Active,,,https://www.redfin.com/IN/Bloomington/1829-S-Maxwell-St-47401/home/136359088,IRMLS,202210626,N,Y,39.145396,-86.514833
MLS Listing,,Vacant Land,5510 E Crop Cir,Bloomington,IN,47403,90000,,,Farmers Field,,73181,,488,,,Active,,,https://www.redfin.com/IN/Bloomington/5510-S-Crop-Cir-47403/home/136367448,IRMLS,202107344,N,Y,39.101839,-86.565472
MLS Listing,,Vacant Land,3804 W Elk Creek Ct,Bloomington,IN,47404,69900,,,Centennial Park,,14810,,488,,,Active,,,https://www.redfin.com/IN/Bloomington/3804-W-Elk-Creek-Ct-47404/home/179909520,IRMLS,202134454,N,Y,39.216503,-86.580444
MLS Listing,,Vacant Land,4451 S Carberry Ct,Bloomington,IN,47401,72900,,,Sutton Place,,17424,,488,,,Active,,,https://www.redfin.com/IN/Bloomington/4451-S-Carberry-Ct-47401/home/136595142,IRMLS,202048853,N,Y,39.114702,-86.519623
MLS Listing,,Vacant Land,5422 S Chalmers Ct,Bloomington,IN,47403,90000,,,Farmers Field,,62726,,488,,,Active,,,https://www.redfin.com/IN/Bloomington/5422-S-Chalmers-Ct-47403/home/136248446,IRMLS,202107348,N,Y,39.10676,-86.565808
MLS Listing,,Vacant Land,5504 S Crop Cir,Bloomington,IN,47403,90000,,,Farmers Field,,80586,,488,,,Active,,,https://www.redfin.com/IN/Bloomington/5504-S-Crop-Cir-47403/home/136180737,IRMLS,202107346,N,Y,39.102455,-86.565605
MLS Listing,,Vacant Land,5431 S Chalmers Ct,Bloomington,IN,47403,90000,,,Farmers Field,,89734,,488,,,Active,,,https://www.redfin.com/IN/Bloomington/5431-S-Chalmers-Ct-47403/home/136515752,IRMLS,202107350,N,Y,39.106544,-86.564143
